q5,q6,q7,q8,q9,q10,q11,q12,q13,q14,q15,q16,q17,q18,q19,q20,q21,q22,q23,q24,q25,q26,label
3,1,3,3,1,2,3,3,1,3,2,3,1,1,3,1,3,2,1,1,1,3,muhafazakar
3,1,3,2,1,2,2,3,1,2,3,2,3,2,1,1,1,1,1,1,2,2,muhafazakar
3,1,3,2,2,2,3,3,3,3,3,3,2,3,1,1,2,1,2,1,1,1,muhafazakar
3,2,2,3,1,1,2,3,2,3,2,1,3,3,2,2,2,1,1,2,3,2,muhafazakar
2,1,3,2,1,2,3,3,1,1,3,2,1,1,2,1,1,3,2,1,1,3,muhafazakar
3,1,1,2,1,3,3,3,2,2,2,1,2,1,2,2,2,3,2,1,2,3,muhafazakar
2,1,3,3,1,3,2,3,2,2,3,2,3,1,2,2,1,3,1,1,3,3,muhafazakar
2,1,3,2,1,2,2,2,2,3,1,1,1,1,1,1,1,2,2,2,3,3,muhafazakar
1,2,2,1,2,1,3,3,3,3,1,3,2,3,3,1,2,2,1,2,3,1,muhafazakar
1,2,3,3,2,1,3,3,1,3,2,2,2,2,2,1,2,1,2,1,1,3,muhafazakar
2,2,3,3,1,3,3,2,3,3,2,3,3,2,1,1,3,1,1,2,2,1,muhafazakar
1,1,2,2,1,1,2,3,1,2,2,2,1,1,1,1,2,3,1,1,2,2,muhafazakar
1,2,1,1,1,2,3,3,1,2,1,1,3,2,2,2,3,3,1,1,2,3,muhafazakar
2,1,3,3,1,2,3,3,3,1,3,1,1,1,2,2,3,2,2,2,1,2,muhafazakar
2,1,3,1,1,3,3,2,1,2,2,1,2,1,3,1,3,1,1,1,2,1,muhafazakar
3,2,2,2,1,3,3,2,2,1,1,1,1,1,1,1,2,2,1,1,1,3,muhafazakar
1,1,1,2,1,1,3,3,3,2,3,3,2,2,1,1,1,2,1,2,3,3,muhafazakar
3,2,1,3,1,3,2,3,2,2,3,2,3,2,1,2,2,1,2,1,1,3,muhafazakar
3,2,1,2,2,1,3,3,3,1,1,3,1,1,1,1,2,2,1,2,3,3,muhafazakar
1,2,2,3,1,2,2,3,3,2,3,1,1,2,1,2,1,3,2,1,3,3,muhafazakar
2,2,2,1,2,3,3,3,2,1,1,2,3,2,1,1,2,3,1,1,1,1,muhafazakar
3,1,1,3,1,2,3,3,1,2,3,3,1,2,3,2,1,1,1,1,3,2,muhafazakar
1,2,2,1,1,1,2,3,3,2,3,2,1,3,2,1,1,2,1,1,1,1,muhafazakar
2,2,1,2,1,1,3,3,3,2,2,2,3,1,2,1,3,2,1,2,2,1,muhafazakar
1,1,3,3,1,2,3,2,2,1,1,1,1,1,1,1,3,3,2,1,1,2,muhafazakar
1,1,3,3,1,2,3,3,2,1,3,2,1,2,1,1,3,2,1,2,1,3,muhafazakar
1,1,2,3,2,1,3,2,3,2,2,1,2,3,2,2,3,1,1,1,1,3,muhafazakar
3,1,1,2,1,2,3,2,2,1,1,3,1,1,1,1,3,1,1,2,2,3,muhafazakar
1,2,2,3,2,1,2,2,2,1,3,1,1,3,3,1,1,2,1,2,2,2,muhafazakar
3,2,3,3,1,1,2,3,2,2,1,1,1,3,1,2,3,1,1,2,3,2,muhafazakar
2,2,3,3,1,2,3,2,3,1,2,3,3,1,3,2,1,2,1,1,3,3,muhafazakar
1,2,1,2,2,2,2,3,3,1,1,2,2,2,3,1,1,1,1,1,3,3,muhafazakar
1,2,2,1,1,3,3,2,2,3,1,1,1,1,3,1,2,3,1,1,2,1,muhafazakar
1,2,2,2,1,1,2,2,1,3,2,3,3,2,3,1,1,3,1,1,3,2,muhafazakar
2,2,3,3,1,3,3,2,1,1,1,1,2,2,1,2,2,1,2,1,1,3,muhafazakar
2,1,1,1,2,2,2,3,3,3,3,2,3,2,1,1,2,1,1,1,3,1,muhafazakar
3,1,3,2,2,3,3,3,3,3,3,3,3,2,3,2,1,1,2,1,2,3,muhafazakar
1,2,3,2,2,3,2,3,1,2,1,2,2,1,3,1,1,1,1,1,1,1,muhafazakar
2,1,1,1,1,3,3,3,3,3,3,3,2,2,1,1,1,3,1,1,1,1,muhafazakar
3,1,1,2,2,3,2,2,2,3,1,3,3,3,2,2,2,1,2,1,2,2,muhafazakar
2,1,1,2,2,3,3,3,2,1,3,2,2,2,3,2,3,3,2,2,1,2,muhafazakar
2,2,3,2,1,3,3,3,2,3,3,2,1,2,3,1,3,2,2,1,1,1,muhafazakar
2,2,1,3,2,3,2,2,3,1,3,2,2,2,3,1,1,3,2,2,3,3,muhafazakar
1,1,3,3,2,2,2,2,3,3,2,2,1,1,3,2,2,3,2,1,3,3,muhafazakar
1,1,2,3,2,3,3,3,3,3,2,3,1,2,2,2,1,1,1,1,3,1,muhafazakar
3,1,2,1,1,2,2,3,2,1,3,3,3,2,3,2,2,1,2,2,1,1,muhafazakar
1,1,2,3,1,3,2,2,1,1,1,2,2,3,3,1,3,2,1,1,2,1,muhafazakar
1,1,1,1,2,3,2,2,3,1,2,1,2,1,3,1,3,1,2,1,3,1,muhafazakar
2,2,2,3,2,3,2,3,2,2,2,1,2,2,2,1,3,1,1,2,3,2,muhafazakar
3,1,3,1,1,1,3,2,1,1,3,1,3,3,2,1,3,1,2,1,1,2,muhafazakar
3,2,1,3,2,1,2,3,1,3,2,1,1,3,2,1,3,1,1,1,2,1,muhafazakar
2,1,3,2,2,2,3,3,3,2,1,1,1,2,1,2,3,3,1,2,3,2,muhafazakar
1,1,2,3,2,1,3,2,2,2,2,1,3,1,2,1,3,3,1,2,3,3,muhafazakar
1,1,2,3,1,2,3,2,2,3,1,3,1,3,3,2,3,3,1,1,3,3,muhafazakar
1,1,1,3,1,3,2,3,1,3,1,2,2,3,1,1,1,1,1,1,2,3,muhafazakar
1,1,3,2,1,1,2,2,2,2,1,3,3,1,3,1,1,3,1,1,3,1,muhafazakar
2,2,3,2,2,3,2,2,1,3,1,1,2,3,2,1,2,2,2,1,2,2,muhafazakar
1,2,2,1,2,1,3,3,1,3,3,2,3,2,3,1,1,1,1,2,1,2,muhafazakar
1,2,2,2,2,2,2,3,2,3,3,1,3,2,3,1,1,1,1,1,2,3,muhafazakar
2,1,3,3,1,1,3,2,1,2,2,3,2,3,3,1,1,2,2,1,2,1,muhafazakar
3,1,3,3,1,2,2,3,3,1,1,3,3,2,1,2,2,3,2,2,1,3,muhafazakar
3,1,3,2,1,3,3,2,2,3,3,3,1,2,2,2,2,2,1,1,2,2,muhafazakar
2,1,3,3,1,3,2,3,2,1,1,1,3,3,2,1,1,3,1,1,1,2,muhafazakar
2,1,2,3,2,3,2,2,1,3,2,2,1,1,3,1,1,1,1,1,1,2,muhafazakar
2,1,2,2,1,3,2,3,1,3,1,2,1,2,1,1,3,3,2,1,2,1,muhafazakar
2,2,1,2,2,2,3,2,1,2,3,3,1,3,2,2,2,3,1,1,1,2,muhafazakar
1,1,3,1,1,2,2,3,2,2,1,2,3,1,2,1,2,1,1,1,3,3,muhafazakar
1,2,2,3,1,2,2,2,1,3,1,2,3,3,2,1,1,1,2,2,3,2,muhafazakar
3,1,2,2,1,2,3,2,1,3,1,2,3,1,3,1,3,1,1,1,1,3,muhafazakar
3,1,3,2,2,3,2,3,3,1,2,2,1,2,2,1,1,1,1,1,1,2,muhafazakar
1,1,3,3,2,1,3,3,2,1,3,2,2,1,1,1,2,2,1,1,3,2,muhafazakar
2,1,3,3,1,3,3,3,3,2,3,2,3,3,3,1,3,2,2,1,2,3,muhafazakar
3,1,3,2,1,2,3,2,2,1,2,1,2,1,1,2,3,3,1,1,2,2,muhafazakar
3,1,3,1,1,2,2,3,1,1,2,1,2,2,1,1,3,3,1,1,1,1,muhafazakar
3,1,2,2,2,1,2,2,3,2,2,3,3,3,1,1,1,1,1,1,1,1,muhafazakar
1,2,1,1,1,1,3,3,1,2,2,1,1,3,3,1,3,3,1,1,3,1,muhafazakar
1,2,2,3,1,1,3,2,2,2,1,1,2,1,1,2,3,2,2,1,2,2,muhafazakar
1,2,1,1,1,3,3,2,1,2,1,2,1,2,2,2,1,1,1,1,2,1,muhafazakar
2,2,2,3,1,3,2,2,3,2,3,3,1,2,2,1,1,3,1,1,2,3,muhafazakar
3,1,2,2,2,1,3,3,3,3,3,3,1,3,1,1,2,2,1,2,3,2,muhafazakar
1,2,2,2,1,3,2,3,1,2,1,2,1,2,1,2,1,2,1,1,3,1,muhafazakar
1,1,2,3,1,3,3,3,3,3,1,1,3,3,3,1,3,3,1,1,1,2,muhafazakar
3,2,1,2,1,3,3,3,2,2,1,2,1,2,3,2,2,3,1,1,1,2,muhafazakar
2,2,1,2,1,2,3,3,2,3,1,2,2,3,1,1,3,3,1,2,2,1,muhafazakar
2,1,2,1,2,2,3,2,2,2,1,1,2,3,2,1,3,1,1,2,3,2,muhafazakar
2,2,1,3,1,3,3,3,2,3,1,1,1,1,1,1,2,3,1,1,3,1,muhafazakar
1,1,2,1,1,1,2,3,2,2,2,3,1,1,3,1,3,1,1,1,1,2,muhafazakar
1,2,3,1,1,3,3,3,2,3,2,2,1,1,1,1,3,2,2,2,2,3,muhafazakar
3,1,3,3,1,1,3,3,1,1,3,1,3,3,1,1,3,1,1,2,1,2,muhafazakar
2,1,1,3,2,1,3,2,2,3,3,2,1,3,3,2,1,1,1,1,3,1,muhafazakar
3,1,2,2,1,1,3,3,2,3,2,1,2,1,3,2,1,1,1,2,3,1,muhafazakar
3,1,1,2,2,1,3,3,3,3,1,2,1,3,2,1,3,1,1,1,2,3,muhafazakar
1,1,3,1,2,2,3,3,2,1,2,1,2,3,1,2,2,2,1,1,3,2,muhafazakar
2,2,3,2,1,3,3,3,1,3,1,3,3,3,2,1,3,2,1,1,1,2,muhafazakar
3,2,1,1,1,2,3,3,3,3,3,2,2,2,1,2,2,1,1,1,3,2,muhafazakar
2,1,2,3,1,1,2,3,3,3,1,2,3,1,2,1,2,2,1,1,3,2,muhafazakar
3,1,1,1,1,1,2,2,2,3,1,2,3,2,3,1,2,1,1,2,1,3,muhafazakar
1,2,3,1,1,3,3,3,3,2,2,2,3,3,3,1,3,2,1,1,2,3,muhafazakar
1,1,3,2,2,1,3,2,3,2,1,2,3,2,3,1,1,3,1,1,2,2,muhafazakar
2,2,1,3,2,1,3,2,1,1,1,3,2,1,1,2,1,3,1,1,1,2,muhafazakar
3,3,2,1,3,3,1,2,1,2,2,1,1,1,2,1,2,2,1,1,3,2,yalniz_kurt
3,3,1,2,3,3,2,2,1,1,1,1,1,1,1,1,1,2,1,2,3,2,yalniz_kurt
3,3,2,1,2,3,2,1,2,1,1,2,2,1,1,1,1,1,1,1,2,1,yalniz_kurt
3,3,1,2,2,3,2,2,1,1,2,1,1,2,1,1,1,2,1,1,3,3,yalniz_kurt
3,3,1,1,3,3,1,1,1,1,1,1,1,2,1,2,2,2,2,1,3,2,yalniz_kurt
3,3,1,1,3,3,1,1,2,1,1,1,2,2,1,1,2,2,1,1,3,1,yalniz_kurt
3,2,1,1,2,3,1,1,1,1,1,1,1,1,2,1,1,2,1,1,3,3,yalniz_kurt
3,2,1,1,3,2,2,1,1,1,1,2,1,1,2,1,2,1,1,1,2,2,yalniz_kurt
3,3,1,1,3,3,1,1,2,1,1,1,2,2,1,1,1,1,1,1,3,2,yalniz_kurt
2,3,1,1,3,2,1,1,1,1,2,1,2,2,1,1,1,1,1,1,2,1,yalniz_kurt
2,3,1,2,2,3,1,1,1,1,2,1,2,2,2,1,1,1,1,2,3,3,yalniz_kurt
3,2,1,1,3,3,1,2,1,2,1,1,1,1,1,1,2,1,1,1,3,3,yalniz_kurt
2,2,2,1,3,2,1,1,2,1,2,1,2,1,2,2,1,1,1,1,3,1,yalniz_kurt
3,3,1,1,3,3,2,1,2,1,2,1,2,2,2,2,1,1,1,1,2,3,yalniz_kurt
2,3,1,2,3,3,1,2,1,1,2,1,1,2,2,1,1,2,1,1,2,1,yalniz_kurt
3,3,1,1,3,2,1,1,1,1,2,1,1,1,2,1,1,1,2,1,3,3,yalniz_kurt
3,3,2,1,3,2,2,2,2,1,1,1,1,2,1,1,1,1,1,1,3,3,yalniz_kurt
3,2,1,2,3,3,1,1,1,1,2,1,2,1,1,2,1,2,1,1,3,1,yalniz_kurt
3,3,1,1,3,3,2,1,1,1,2,1,1,1,2,1,1,1,1,1,3,1,yalniz_kurt
3,3,1,1,3,3,2,1,1,2,1,2,1,1,2,1,1,2,1,1,3,2,yalniz_kurt
2,3,2,2,3,2,1,1,2,1,2,2,2,2,1,1,1,1,1,2,3,2,yalniz_kurt
2,3,1,1,3,3,1,1,1,1,1,2,1,1,2,1,1,1,2,2,3,2,yalniz_kurt
2,3,2,2,3,2,1,2,2,2,1,2,2,2,1,1,2,2,1,1,3,3,yalniz_kurt
3,3,2,2,3,3,2,1,2,1,1,1,2,1,1,1,1,1,2,2,3,2,yalniz_kurt
3,3,2,2,3,2,2,1,1,2,2,1,2,2,1,1,1,2,2,1,2,3,yalniz_kurt
2,3,1,2,3,3,1,1,1,2,2,1,1,1,2,2,1,1,1,1,2,2,yalniz_kurt
3,2,1,2,2,3,2,1,1,1,1,1,1,2,1,2,1,1,1,1,3,3,yalniz_kurt
2,3,1,1,3,2,1,1,1,1,2,1,1,1,2,1,1,1,1,1,2,2,yalniz_kurt
3,2,1,1,2,3,2,1,1,2,1,2,2,2,1,1,1,1,1,2,2,1,yalniz_kurt
3,3,2,2,3,3,2,1,1,2,2,1,1,1,2,1,1,2,1,1,3,2,yalniz_kurt
3,3,1,1,3,2,1,2,1,1,1,2,1,1,1,1,2,2,1,1,3,1,yalniz_kurt
3,2,1,1,3,2,1,2,1,1,1,1,1,1,1,1,1,1,1,2,3,2,yalniz_kurt
2,3,2,1,3,3,2,1,1,2,1,1,2,1,2,2,2,1,1,2,3,3,yalniz_kurt
2,3,2,1,3,3,2,1,2,1,1,1,2,1,2,1,1,2,2,2,2,3,yalniz_kurt
3,2,2,2,3,3,1,1,1,1,1,1,1,2,1,1,1,1,1,1,2,1,yalniz_kurt
3,3,1,1,3,2,2,1,1,2,2,1,1,1,1,1,1,1,1,1,3,3,yalniz_kurt
2,3,2,2,2,3,2,2,1,1,1,2,2,1,1,1,2,1,1,1,3,2,yalniz_kurt
2,3,1,2,3,3,2,1,2,1,1,1,2,1,2,1,1,1,1,1,2,1,yalniz_kurt
3,3,2,1,3,3,1,1,1,1,1,1,2,1,1,1,1,1,1,1,3,2,yalniz_kurt
2,3,1,2,3,2,1,1,1,1,1,1,1,1,1,1,2,1,1,1,2,2,yalniz_kurt
3,2,1,2,3,3,2,1,1,2,1,1,2,2,1,1,1,2,1,2,3,2,yalniz_kurt
2,3,1,2,2,3,1,1,1,1,1,1,2,1,1,1,2,2,2,1,3,1,yalniz_kurt
2,3,1,1,3,3,1,1,2,2,2,1,1,2,1,1,1,1,1,1,3,3,yalniz_kurt
3,3,2,1,3,2,1,2,1,2,2,1,2,1,1,1,1,1,2,1,3,3,yalniz_kurt
3,3,2,1,3,3,1,1,1,1,2,2,1,1,2,1,2,1,1,2,3,3,yalniz_kurt
2,3,1,2,2,3,1,2,1,2,1,1,1,2,1,1,2,1,1,2,2,3,yalniz_kurt
3,3,2,1,3,3,1,2,2,1,1,1,1,1,1,1,1,1,2,1,3,1,yalniz_kurt
3,3,1,1,3,3,1,1,2,1,1,1,1,1,1,2,1,1,1,2,3,1,yalniz_kurt
3,3,1,2,2,3,1,1,2,1,1,1,1,1,1,2,1,1,1,1,3,3,yalniz_kurt
3,3,2,1,2,3,1,1,1,1,1,1,1,1,1,2,2,1,1,1,3,1,yalniz_kurt
2,3,1,1,3,2,2,1,2,2,1,1,1,1,1,2,1,1,2,1,3,1,yalniz_kurt
2,2,2,2,3,2,1,1,1,2,1,2,1,2,2,2,2,1,1,2,3,1,yalniz_kurt
3,3,2,2,3,2,2,1,1,2,1,1,1,1,1,1,1,1,1,1,3,3,yalniz_kurt
3,3,1,1,3,2,2,2,1,1,2,2,2,1,1,1,1,1,1,2,3,3,yalniz_kurt
3,2,1,1,3,2,2,1,1,1,2,1,1,2,1,1,1,1,2,1,3,1,yalniz_kurt
2,2,1,2,2,2,1,1,2,1,1,1,2,2,1,2,1,1,1,1,3,1,yalniz_kurt
2,3,1,1,2,2,1,2,2,2,1,2,1,2,2,1,1,1,1,2,3,3,yalniz_kurt
3,3,2,2,3,3,1,2,1,2,1,2,2,1,2,1,1,2,2,2,3,1,yalniz_kurt
3,2,2,1,3,2,1,2,2,1,2,2,1,1,1,1,2,1,1,1,2,3,yalniz_kurt
2,3,1,1,2,3,1,1,1,1,2,1,1,2,1,1,1,1,2,1,2,3,yalniz_kurt
2,2,1,1,2,3,1,1,2,2,1,1,1,1,2,1,2,1,1,1,3,1,yalniz_kurt
3,3,2,1,3,3,2,1,1,1,1,1,1,2,1,1,1,1,1,2,2,2,yalniz_kurt
2,3,1,1,3,3,2,2,1,1,1,1,1,1,1,2,1,1,2,1,2,1,yalniz_kurt
3,3,2,1,3,2,2,1,1,2,1,1,1,2,1,1,1,1,1,2,2,2,yalniz_kurt
2,3,1,2,2,2,2,1,1,1,1,1,2,1,1,1,2,2,1,2,3,1,yalniz_kurt
3,3,2,1,3,3,2,2,1,1,1,1,2,1,1,1,2,1,2,2,2,2,yalniz_kurt
2,3,1,2,3,3,1,2,1,1,1,1,2,2,1,2,1,1,1,1,3,2,yalniz_kurt
3,3,1,1,3,2,1,2,1,1,1,1,2,1,2,2,2,1,1,1,3,1,yalniz_kurt
3,2,1,2,3,3,1,1,1,1,1,2,1,1,1,2,1,2,2,1,3,3,yalniz_kurt
3,3,2,1,3,2,1,2,1,2,1,1,2,1,2,1,1,2,1,1,3,2,yalniz_kurt
3,3,1,1,3,3,1,2,1,1,1,2,1,1,1,2,2,1,2,2,3,2,yalniz_kurt
2,3,2,1,2,3,2,1,1,1,1,2,2,2,2,2,1,1,2,2,3,2,yalniz_kurt
2,2,1,2,3,2,2,1,1,2,1,1,2,1,1,1,1,1,2,1,3,2,yalniz_kurt
3,2,1,2,2,2,1,2,2,2,1,1,1,2,1,1,1,2,1,2,2,1,yalniz_kurt
3,3,1,1,2,2,1,1,2,2,1,1,1,1,1,1,2,2,1,1,3,2,yalniz_kurt
3,3,2,1,3,3,2,1,1,1,1,2,2,1,2,1,2,1,1,2,2,3,yalniz_kurt
3,3,2,1,2,3,2,1,1,1,1,1,1,1,2,2,1,2,1,2,3,1,yalniz_kurt
3,2,1,1,3,3,2,1,1,1,2,1,1,1,2,1,1,2,1,1,3,2,yalniz_kurt
3,2,1,1,2,2,1,1,1,1,1,2,1,1,1,2,1,2,1,1,3,3,yalniz_kurt
2,2,1,1,3,3,2,2,2,1,1,1,2,1,2,2,1,1,2,2,3,1,yalniz_kurt
3,2,1,1,3,3,1,1,1,1,2,1,1,1,1,1,1,1,1,1,3,1,yalniz_kurt
2,3,2,1,2,3,1,2,2,1,2,1,1,2,1,1,2,1,1,1,2,3,yalniz_kurt
3,3,2,1,3,3,2,1,2,2,2,2,1,2,1,1,2,1,1,1,3,2,yalniz_kurt
3,2,2,1,3,3,1,1,1,2,1,1,2,2,2,1,2,1,1,1,3,1,yalniz_kurt
2,2,2,1,3,2,1,1,1,1,2,1,2,1,1,1,2,1,1,1,2,2,yalniz_kurt
3,3,1,1,3,2,1,1,1,1,1,1,2,2,2,2,1,2,2,1,2,1,yalniz_kurt
3,2,2,1,3,3,2,1,1,1,1,1,2,2,2,1,1,2,1,2,3,2,yalniz_kurt
2,3,1,2,3,3,2,1,1,1,1,1,1,2,2,1,1,1,2,1,3,1,yalniz_kurt
3,3,2,1,3,2,1,2,2,1,1,2,1,2,2,1,1,1,1,1,3,3,yalniz_kurt
3,2,2,1,3,3,1,2,1,1,1,1,1,2,1,1,1,1,1,1,2,2,yalniz_kurt
2,3,2,1,2,3,2,1,1,1,2,1,2,1,2,2,1,1,2,1,2,2,yalniz_kurt
3,3,2,1,3,2,1,2,1,2,1,1,1,1,2,1,1,1,1,1,3,1,yalniz_kurt
3,2,2,1,2,3,2,2,1,2,1,1,1,2,1,1,2,2,2,1,3,3,yalniz_kurt
3,2,2,1,2,2,2,1,2,2,1,1,1,1,1,2,1,2,1,2,3,2,yalniz_kurt
2,2,2,2,3,3,1,1,1,2,1,2,1,1,2,1,1,1,1,1,3,2,yalniz_kurt
2,2,1,1,2,3,1,2,2,1,1,1,1,2,1,2,1,1,1,1,2,2,yalniz_kurt
3,2,2,2,3,3,2,1,2,1,1,2,1,2,1,2,1,1,1,2,2,2,yalniz_kurt
3,3,1,1,2,2,2,1,1,1,2,2,1,1,1,1,2,1,2,1,3,1,yalniz_kurt
2,3,1,1,3,3,1,1,2,1,1,1,2,2,1,1,1,1,2,2,3,1,yalniz_kurt
2,2,1,1,3,3,2,1,1,2,1,1,1,1,1,1,2,1,2,1,3,1,yalniz_kurt
2,3,2,1,2,1,2,1,1,1,1,3,1,3,2,1,2,2,1,1,2,1,sosyal_kelebek
1,2,2,1,2,2,2,1,1,2,1,3,2,1,1,1,2,2,1,2,3,1,sosyal_kelebek
1,3,1,2,2,1,3,1,1,2,2,3,1,1,1,1,1,2,2,1,3,1,sosyal_kelebek
2,3,1,2,2,1,1,1,1,1,1,3,2,2,1,1,1,2,1,1,3,2,sosyal_kelebek
1,3,1,1,2,1,2,1,2,1,1,2,2,2,1,2,2,1,2,1,2,3,sosyal_kelebek
2,3,2,1,1,1,3,1,1,1,2,2,2,2,1,1,2,1,1,2,3,1,sosyal_kelebek
1,2,1,1,2,1,2,2,2,1,1,3,2,2,1,1,1,1,1,1,3,1,sosyal_kelebek
1,2,2,1,3,1,2,1,1,1,1,3,1,3,2,1,1,1,1,1,2,2,sosyal_kelebek
1,2,1,1,1,2,1,1,2,1,1,2,2,1,1,1,1,1,2,2,3,3,sosyal_kelebek
1,3,1,2,1,2,1,2,1,1,2,3,1,3,1,1,2,1,1,2,3,1,sosyal_kelebek
2,2,1,1,1,1,1,1,1,2,2,3,1,2,2,1,2,1,2,1,2,1,sosyal_kelebek
2,3,2,2,2,1,1,1,1,1,2,2,1,1,2,2,1,1,1,1,2,3,sosyal_kelebek
1,3,2,2,3,1,2,1,2,1,2,3,1,2,1,1,1,1,1,2,2,1,sosyal_kelebek
1,3,1,2,1,1,2,1,2,1,2,2,1,2,1,1,1,1,1,1,3,2,sosyal_kelebek
1,3,2,1,2,2,3,1,1,1,1,3,2,1,1,2,1,2,1,1,3,1,sosyal_kelebek
1,3,2,1,1,1,1,1,1,1,1,3,2,2,1,1,2,1,1,2,3,2,sosyal_kelebek
1,2,1,2,3,1,3,2,2,1,2,3,1,3,1,1,1,2,1,1,3,1,sosyal_kelebek
1,3,1,1,3,1,3,1,2,1,1,3,2,3,1,2,1,2,1,2,3,2,sosyal_kelebek
1,3,1,1,1,2,3,2,1,1,1,3,2,3,1,1,1,2,2,1,3,3,sosyal_kelebek
1,2,1,1,2,2,2,1,2,1,1,3,1,3,1,1,1,2,2,1,2,3,sosyal_kelebek
1,2,1,2,2,1,3,2,2,1,1,2,1,1,2,2,2,1,1,1,3,3,sosyal_kelebek
1,3,1,1,2,2,3,2,1,1,1,3,1,1,1,1,1,2,1,2,3,1,sosyal_kelebek
1,3,2,1,1,2,2,2,2,1,2,3,1,1,1,2,2,1,1,1,3,1,sosyal_kelebek
1,3,1,2,3,2,1,2,1,1,2,3,1,3,1,2,1,1,1,1,2,1,sosyal_kelebek
1,3,1,2,3,1,2,1,1,1,1,3,1,2,1,1,2,2,1,2,3,3,sosyal_kelebek
2,3,2,2,1,1,1,1,1,1,1,3,1,2,1,2,1,1,1,1,3,2,sosyal_kelebek
1,2,2,1,2,2,3,2,1,1,2,3,1,1,1,2,1,1,1,1,3,1,sosyal_kelebek
1,2,1,1,1,1,3,1,1,1,1,3,1,2,2,1,1,1,2,1,2,2,sosyal_kelebek
1,3,1,1,2,1,2,1,1,1,1,3,2,1,2,1,1,1,1,1,3,2,sosyal_kelebek
1,3,1,1,2,1,3,2,2,1,1,3,1,2,2,2,2,1,2,1,3,2,sosyal_kelebek
2,3,1,1,3,1,3,1,1,1,1,2,2,1,2,2,1,1,1,1,3,2,sosyal_kelebek
2,2,2,1,1,1,1,1,1,1,1,3,1,1,2,2,1,1,1,1,3,3,sosyal_kelebek
1,2,1,2,3,1,3,1,2,1,1,3,1,3,1,1,1,1,1,2,3,2,sosyal_kelebek
1,3,1,2,3,1,2,2,1,1,2,3,1,1,1,2,2,1,1,2,3,2,sosyal_kelebek
1,3,1,1,1,1,3,1,2,2,1,3,2,3,1,1,1,1,1,1,3,1,sosyal_kelebek
1,3,1,1,1,1,3,2,1,2,1,2,2,3,2,1,1,2,2,1,2,1,sosyal_kelebek
1,3,1,1,2,2,2,1,2,2,2,2,2,1,1,1,1,2,1,1,2,2,sosyal_kelebek
2,3,1,1,2,2,1,1,2,2,1,3,2,3,1,1,1,1,2,1,3,2,sosyal_kelebek
2,3,1,2,2,2,3,2,1,1,2,3,1,1,1,1,2,1,2,2,3,1,sosyal_kelebek
1,2,1,1,2,1,1,1,1,2,1,3,2,2,1,1,2,2,1,1,2,3,sosyal_kelebek
1,3,1,1,2,1,3,1,2,2,1,3,1,1,1,1,1,1,2,1,3,1,sosyal_kelebek
2,3,2,1,2,1,3,2,1,1,1,2,2,3,2,1,1,1,1,1,2,1,sosyal_kelebek
2,3,1,2,2,1,3,1,2,1,1,3,1,2,2,1,1,1,2,1,3,2,sosyal_kelebek
2,3,2,2,1,1,3,2,1,2,1,2,1,1,1,2,1,1,1,2,3,2,sosyal_kelebek
2,3,2,1,2,1,2,2,1,1,1,3,2,3,1,1,2,2,1,2,2,2,sosyal_kelebek
1,2,1,2,3,1,3,1,1,1,1,3,2,3,2,2,1,1,1,2,2,2,sosyal_kelebek
2,3,2,1,2,1,2,2,2,2,1,3,1,2,1,2,1,2,1,2,3,1,sosyal_kelebek
2,3,2,1,1,1,3,1,1,1,1,2,1,3,1,2,1,1,2,1,3,2,sosyal_kelebek
1,3,1,2,3,1,1,1,1,1,1,3,1,1,1,1,2,1,2,2,3,1,sosyal_kelebek
1,2,2,2,3,2,3,1,1,1,1,3,1,2,1,2,1,1,2,1,3,1,sosyal_kelebek
1,3,2,1,2,1,1,2,1,1,1,2,1,2,2,1,1,2,1,2,3,2,sosyal_kelebek
2,3,1,1,3,1,1,1,1,1,2,3,1,3,1,1,2,2,2,2,2,3,sosyal_kelebek
2,2,2,1,2,2,2,1,1,1,1,3,2,3,1,2,1,2,2,1,2,1,sosyal_kelebek
1,2,1,1,3,2,1,1,2,1,1,3,1,2,2,1,1,1,2,1,3,3,sosyal_kelebek
1,3,2,2,3,1,3,1,1,1,1,2,1,2,1,1,1,1,1,1,2,3,sosyal_kelebek
1,3,1,1,2,2,1,1,1,1,1,3,1,2,1,2,1,2,1,1,3,1,sosyal_kelebek
1,3,1,2,3,1,3,1,1,2,2,3,2,1,1,2,1,1,2,2,2,3,sosyal_kelebek
1,3,1,1,2,1,2,2,1,1,2,3,2,2,2,1,1,2,2,1,3,1,sosyal_kelebek
1,3,1,1,2,2,1,1,2,1,2,3,1,1,2,1,2,1,1,1,2,3,sosyal_kelebek
1,2,1,1,3,2,3,2,2,2,2,2,1,2,1,1,1,2,2,1,2,2,sosyal_kelebek
1,2,1,1,3,1,1,1,1,2,1,3,2,1,2,1,1,1,1,2,3,3,sosyal_kelebek
1,2,1,2,2,2,1,2,1,1,2,3,1,3,1,1,1,2,2,1,2,3,sosyal_kelebek
1,2,2,1,2,2,1,2,2,1,1,3,1,1,1,1,1,1,2,2,3,2,sosyal_kelebek
1,3,1,1,2,1,3,2,2,1,1,3,2,1,2,2,2,1,1,2,3,2,sosyal_kelebek
1,3,1,1,2,1,2,2,1,2,2,3,1,1,1,1,1,1,2,1,3,1,sosyal_kelebek
2,2,1,1,2,1,3,2,2,2,2,3,2,2,1,1,1,2,1,2,3,2,sosyal_kelebek
1,3,1,1,1,1,3,1,2,1,1,2,1,1,1,1,1,1,2,1,2,1,sosyal_kelebek
1,3,1,2,1,1,1,1,1,1,1,2,2,2,1,2,1,2,2,2,2,2,sosyal_kelebek
1,2,1,1,1,2,3,1,2,2,1,3,2,1,2,2,2,1,2,1,3,3,sosyal_kelebek
2,2,2,1,3,2,3,2,1,1,1,3,1,3,1,1,1,1,1,1,3,2,sosyal_kelebek
1,3,2,1,3,2,3,2,1,1,2,3,1,3,1,1,1,1,1,1,3,2,sosyal_kelebek
2,3,1,2,3,1,3,1,1,2,2,3,1,1,1,2,1,1,1,1,2,2,sosyal_kelebek
1,2,1,2,3,2,3,2,1,2,1,3,2,2,1,1,1,2,1,1,3,2,sosyal_kelebek
1,3,1,1,1,1,2,2,1,1,1,2,1,2,1,1,1,1,1,2,3,2,sosyal_kelebek
2,3,1,1,2,1,2,2,2,2,2,2,1,2,1,1,1,2,1,1,3,2,sosyal_kelebek
1,3,1,2,2,1,3,1,1,1,1,2,1,3,2,1,1,2,2,1,2,1,sosyal_kelebek
2,3,1,2,3,2,2,1,1,1,1,3,1,3,1,2,1,1,1,1,2,1,sosyal_kelebek
1,3,2,2,2,1,3,1,1,1,1,2,1,1,1,2,1,1,2,2,3,1,sosyal_kelebek
1,3,1,2,3,1,2,1,1,1,1,2,1,1,1,2,1,1,1,1,2,2,sosyal_kelebek
1,3,1,2,1,1,3,1,2,1,1,3,2,3,1,1,2,2,1,1,3,3,sosyal_kelebek
1,2,1,1,3,1,2,1,2,1,1,3,2,3,1,2,1,1,1,1,3,1,sosyal_kelebek
1,3,1,1,3,2,1,1,1,1,1,3,1,3,1,2,1,1,1,1,2,2,sosyal_kelebek
1,3,1,2,1,1,1,2,1,1,1,3,1,1,1,1,2,1,1,2,3,3,sosyal_kelebek
1,3,2,2,3,1,3,1,1,2,1,3,1,2,2,1,1,1,1,2,3,3,sosyal_kelebek
1,2,2,1,1,1,2,1,2,2,1,3,1,2,2,2,2,2,2,2,3,2,sosyal_kelebek
1,3,1,1,3,1,1,1,2,2,1,3,1,1,2,1,1,1,2,2,3,1,sosyal_kelebek
1,3,1,1,3,1,2,2,2,1,1,3,1,3,2,1,1,1,2,2,2,2,sosyal_kelebek
1,3,1,1,1,1,3,2,2,1,2,3,1,3,1,1,1,1,1,2,3,2,sosyal_kelebek
1,3,1,1,1,1,3,1,1,1,2,3,1,2,1,2,1,1,1,1,3,2,sosyal_kelebek
1,3,1,2,2,1,2,1,1,1,1,2,1,1,2,1,1,1,1,1,3,1,sosyal_kelebek
2,3,1,1,2,1,2,2,2,1,1,3,1,2,1,1,1,1,1,1,3,3,sosyal_kelebek
1,3,1,2,2,2,3,1,1,2,1,2,1,1,1,1,1,1,1,1,2,3,sosyal_kelebek
1,3,1,1,1,2,2,2,2,1,1,3,1,2,1,2,1,1,2,1,2,3,sosyal_kelebek
1,3,1,1,1,2,2,1,1,1,1,3,1,2,1,1,1,1,1,1,3,3,sosyal_kelebek
2,2,2,1,3,2,3,1,1,1,1,2,2,3,2,2,1,1,1,1,2,2,sosyal_kelebek
1,3,1,2,2,2,2,2,1,1,1,3,1,1,2,1,1,1,2,1,3,3,sosyal_kelebek
2,2,1,1,3,1,2,1,1,1,1,2,1,3,2,2,1,2,2,2,2,3,sosyal_kelebek
2,2,1,2,3,2,3,1,1,2,1,3,1,2,1,1,1,1,1,1,3,1,sosyal_kelebek
1,3,1,1,3,2,3,1,1,1,1,3,1,1,2,1,1,1,2,2,2,3,sosyal_kelebek
2,3,1,1,2,1,3,2,1,1,1,3,1,3,2,2,1,1,2,2,3,1,sosyal_kelebek
3,3,3,2,3,2,3,3,3,2,3,3,2,2,2,1,3,1,2,3,2,1,macera_tutkunu
3,3,3,1,2,1,3,3,3,2,3,2,1,2,1,2,3,1,1,2,2,1,macera_tutkunu
3,2,3,1,3,3,3,2,3,1,2,3,2,1,2,2,3,3,1,1,2,2,macera_tutkunu
3,1,1,1,2,1,2,2,2,1,2,2,2,1,1,3,2,3,1,2,3,1,macera_tutkunu
3,1,1,1,2,3,2,3,3,3,3,2,2,2,1,1,3,2,2,1,2,1,macera_tutkunu
2,3,2,1,2,2,3,3,3,2,2,3,1,1,1,2,2,1,3,1,3,2,macera_tutkunu
3,2,1,2,3,1,3,3,2,1,2,3,3,1,1,1,2,2,3,1,3,1,macera_tutkunu
3,1,3,1,3,3,3,3,2,1,3,3,2,1,1,3,3,2,2,1,3,1,macera_tutkunu
3,2,2,1,2,1,1,3,3,2,2,3,2,1,1,3,3,2,1,1,3,1,macera_tutkunu
3,2,2,1,2,3,1,3,2,2,3,3,3,1,2,2,2,3,2,2,2,2,macera_tutkunu
3,2,1,2,2,3,2,3,3,1,3,2,2,2,2,3,3,1,1,2,2,1,macera_tutkunu
2,3,2,1,2,2,2,3,2,3,3,3,1,1,1,2,2,3,3,1,2,1,macera_tutkunu
2,2,2,1,3,1,1,2,3,3,2,3,1,1,1,2,3,3,1,2,3,2,macera_tutkunu
2,1,3,1,3,1,1,2,2,2,3,3,1,1,1,2,2,1,2,3,2,1,macera_tutkunu
2,2,3,1,3,2,2,3,3,2,3,2,2,1,2,2,3,3,2,1,2,1,macera_tutkunu
3,1,3,2,2,3,1,3,3,1,2,2,1,1,1,1,2,2,3,1,3,1,macera_tutkunu
3,3,3,1,2,2,1,2,3,3,2,3,1,1,1,2,3,3,2,1,3,1,macera_tutkunu
3,2,2,2,3,3,3,3,2,2,2,3,1,2,1,3,3,2,2,3,3,1,macera_tutkunu
2,2,2,2,2,2,1,3,3,1,3,3,2,2,2,1,3,3,3,2,2,1,macera_tutkunu
2,2,1,2,2,1,1,3,3,3,2,3,3,1,1,1,2,2,2,1,2,2,macera_tutkunu
3,1,2,1,2,3,1,3,3,3,2,3,3,1,2,1,2,3,3,1,3,2,macera_tutkunu
3,2,1,1,2,2,3,3,3,2,3,3,1,1,1,3,3,3,1,3,2,2,macera_tutkunu
3,1,1,2,2,2,3,3,2,2,2,3,3,2,1,2,3,3,2,2,3,1,macera_tutkunu
2,2,3,2,3,2,1,2,3,3,2,3,2,2,1,2,2,3,2,3,3,1,macera_tutkunu
2,3,3,1,2,1,2,3,3,2,3,3,2,1,1,1,3,3,3,2,2,1,macera_tutkunu
3,1,1,1,3,1,1,3,3,1,3,2,1,2,2,1,2,1,1,1,3,2,macera_tutkunu
2,2,1,1,2,2,1,3,2,3,3,3,1,2,2,1,2,2,3,2,2,2,macera_tutkunu
3,2,3,1,3,1,2,3,2,3,2,3,2,1,1,1,3,2,3,1,3,1,macera_tutkunu
3,2,1,1,3,2,2,3,2,3,3,3,2,1,1,3,3,1,1,3,3,1,macera_tutkunu
2,1,1,1,3,3,1,3,3,3,3,3,1,1,1,2,3,2,1,2,3,1,macera_tutkunu
3,1,2,1,2,3,3,2,2,1,2,3,1,2,2,3,3,1,1,2,3,1,macera_tutkunu
3,1,1,1,2,1,3,2,3,2,2,3,3,1,1,1,3,2,1,3,3,1,macera_tutkunu
3,3,3,1,3,1,3,3,3,2,3,2,3,1,1,3,3,1,2,1,2,1,macera_tutkunu
2,3,2,2,3,2,3,2,2,3,3,2,1,2,1,1,3,3,2,3,2,1,macera_tutkunu
3,2,1,1,3,1,3,3,3,1,3,3,2,1,1,3,2,3,3,1,3,1,macera_tutkunu
3,2,1,1,3,2,3,3,2,2,3,2,2,1,1,1,3,3,3,2,3,1,macera_tutkunu
3,3,3,1,3,2,2,2,3,2,3,3,2,1,2,2,3,2,2,3,3,2,macera_tutkunu
3,2,1,2,2,2,1,3,3,2,3,3,1,2,1,3,3,1,2,1,2,1,macera_tutkunu
3,1,3,2,3,2,1,3,3,2,3,3,1,2,1,1,3,1,1,2,3,2,macera_tutkunu
3,1,3,1,3,1,2,3,3,3,3,3,1,1,2,1,3,2,2,2,3,1,macera_tutkunu
3,2,3,1,3,3,2,2,2,1,3,2,3,1,1,3,3,1,2,3,3,1,macera_tutkunu
2,3,2,1,2,3,2,3,3,1,3,3,2,1,2,2,3,1,2,3,3,1,macera_tutkunu
2,2,1,1,2,3,2,3,2,2,3,3,2,2,2,2,3,3,1,2,2,1,macera_tutkunu
3,2,1,1,3,3,3,2,3,3,2,2,2,1,2,1,2,2,1,2,2,2,macera_tutkunu
3,3,3,1,3,3,1,3,3,3,3,3,3,2,2,3,2,3,3,1,2,2,macera_tutkunu
3,1,3,2,3,1,2,2,3,2,3,3,2,1,1,3,3,2,2,1,2,2,macera_tutkunu
3,1,3,1,2,2,2,2,3,1,2,2,3,1,1,2,3,1,3,1,3,1,macera_tutkunu
3,2,1,1,3,2,1,3,3,1,2,3,1,2,1,2,3,2,3,2,3,1,macera_tutkunu
3,2,2,1,2,3,2,3,3,3,2,2,2,1,2,2,3,1,3,2,2,2,macera_tutkunu
3,3,2,2,3,1,3,3,2,3,3,2,2,1,1,3,2,1,3,2,3,1,macera_tutkunu
3,3,2,1,2,1,1,2,2,3,2,3,3,1,1,2,3,3,2,1,3,1,macera_tutkunu
3,1,3,1,2,3,2,3,3,2,3,3,1,1,1,3,2,1,1,1,3,1,macera_tutkunu
3,3,1,1,3,1,2,3,2,3,3,3,2,2,1,1,3,1,3,1,2,2,macera_tutkunu
2,2,2,1,2,3,2,3,3,2,3,3,3,2,2,2,3,1,1,2,3,1,macera_tutkunu
3,1,2,1,3,1,1,2,3,3,3,2,2,1,1,2,3,3,3,1,3,1,macera_tutkunu
3,3,3,1,3,3,1,2,3,2,3,3,3,1,1,2,3,1,2,2,2,1,macera_tutkunu
3,2,1,1,3,3,2,3,3,2,3,3,3,1,1,2,3,3,3,2,2,1,macera_tutkunu
3,2,2,1,3,3,1,2,3,2,2,3,2,2,1,2,3,3,2,2,3,1,macera_tutkunu
2,2,2,1,3,3,2,2,3,1,3,3,3,2,2,1,3,2,3,1,3,2,macera_tutkunu
3,3,1,1,3,2,1,3,2,1,3,2,3,2,1,3,2,3,1,3,2,1,macera_tutkunu
3,1,3,1,3,3,1,2,2,1,3,2,2,1,1,2,3,1,2,2,3,1,macera_tutkunu
3,2,2,1,3,3,1,3,2,1,3,2,2,2,2,3,3,1,2,1,3,1,macera_tutkunu
2,3,2,1,3,2,2,3,3,3,2,2,1,1,1,3,2,1,2,2,2,1,macera_tutkunu
3,1,1,1,3,2,2,3,3,2,3,3,1,1,1,1,2,1,1,1,3,1,macera_tutkunu
3,2,1,1,3,2,3,3,3,2,3,3,2,2,2,3,2,3,2,1,2,1,macera_tutkunu
3,2,2,2,3,2,3,2,3,3,3,3,3,1,1,3,2,2,2,3,3,1,macera_tutkunu
2,3,1,1,2,2,2,2,3,2,3,3,2,1,1,3,3,3,2,2,2,1,macera_tutkunu
3,3,3,1,3,3,1,3,3,3,2,3,2,1,2,2,3,2,3,3,3,1,macera_tutkunu
2,1,3,2,3,1,3,3,2,1,3,2,3,1,2,3,2,3,3,2,3,1,macera_tutkunu
3,2,1,1,3,1,2,3,3,3,3,3,2,2,1,1,3,1,1,3,3,1,macera_tutkunu
3,1,1,1,2,2,1,2,3,1,2,3,1,1,2,2,2,1,1,1,3,1,macera_tutkunu
3,2,2,1,3,3,1,2,2,1,2,2,1,1,2,1,3,1,1,2,3,1,macera_tutkunu
3,2,3,1,3,3,2,3,2,3,3,3,1,2,1,2,2,1,3,3,2,2,macera_tutkunu
2,2,2,1,3,1,1,2,3,3,3,2,3,2,2,2,2,1,1,3,3,2,macera_tutkunu
3,1,1,1,3,1,3,3,2,1,3,2,1,1,2,3,3,2,3,2,3,1,macera_tutkunu
3,2,3,1,2,1,2,3,3,3,2,3,3,1,1,3,2,2,1,2,3,1,macera_tutkunu
2,2,3,1,2,1,3,3,3,3,2,2,1,2,1,3,3,3,2,1,2,1,macera_tutkunu
3,3,1,1,3,1,1,3,3,3,2,3,2,1,1,2,3,3,3,3,2,2,macera_tutkunu
2,1,3,1,3,3,1,2,3,1,3,2,3,1,2,1,3,2,3,2,3,1,macera_tutkunu
3,3,3,2,3,1,3,2,3,3,3,3,2,1,1,3,2,2,3,2,2,1,macera_tutkunu
2,1,3,1,2,1,2,3,2,2,3,2,3,2,2,3,3,2,2,1,3,1,macera_tutkunu
3,2,1,2,2,3,3,2,3,3,2,3,2,2,2,1,2,2,1,1,2,1,macera_tutkunu
3,3,1,1,3,1,3,3,2,1,2,3,2,2,1,3,2,2,1,3,3,1,macera_tutkunu
2,2,3,1,2,2,1,3,3,2,3,3,3,2,1,2,3,3,1,3,3,2,macera_tutkunu
3,3,3,1,3,2,1,3,3,2,2,3,1,1,1,3,3,2,2,2,3,1,macera_tutkunu
3,3,1,1,2,2,3,3,3,3,2,2,2,1,1,3,3,3,3,1,3,1,macera_tutkunu
3,2,1,1,2,2,1,2,2,2,3,3,2,1,1,2,3,3,2,1,3,2,macera_tutkunu
3,2,1,2,3,1,2,2,3,1,2,3,3,2,1,3,2,1,3,3,3,1,macera_tutkunu
2,1,1,1,3,1,1,2,3,1,3,3,3,1,1,3,2,1,3,2,3,1,macera_tutkunu
2,2,2,1,2,2,1,3,2,1,3,3,1,1,1,2,3,3,2,2,2,1,macera_tutkunu
2,1,2,2,3,2,3,3,3,3,3,3,1,1,1,2,3,1,2,3,3,2,macera_tutkunu
3,2,2,1,3,1,3,3,3,2,2,3,1,1,1,2,3,3,2,2,3,1,macera_tutkunu
2,1,2,2,2,3,1,3,3,1,2,3,1,2,2,3,2,1,2,2,3,2,macera_tutkunu
3,3,3,1,3,3,3,3,3,3,3,2,1,2,2,1,3,3,1,2,3,1,macera_tutkunu
2,1,3,1,3,3,2,2,3,3,3,2,1,1,1,3,3,1,3,3,3,1,macera_tutkunu
2,3,1,1,3,3,2,2,3,2,3,2,2,1,2,1,3,1,2,1,3,1,macera_tutkunu
3,3,1,1,2,3,2,2,2,2,3,3,2,1,2,2,2,1,3,1,3,2,macera_tutkunu
3,1,1,2,3,2,3,2,2,1,3,2,2,2,1,1,3,2,1,3,2,1,macera_tutkunu
3,1,1,1,2,2,2,3,3,3,3,2,3,1,1,2,2,1,2,1,3,1,macera_tutkunu
2,2,2,1,2,1,2,3,3,3,3,3,1,2,1,2,3,3,3,3,2,2,macera_tutkunu
3,2,2,3,1,1,1,1,1,1,2,2,2,1,2,1,2,1,1,1,3,2,evcimen
3,1,2,3,2,2,2,1,3,1,1,1,1,2,1,1,1,1,1,1,2,3,evcimen
1,1,1,3,1,1,1,1,2,1,1,1,1,2,3,1,1,2,1,2,3,3,evcimen
3,1,2,1,2,2,1,1,2,1,2,1,1,3,1,1,1,1,1,2,2,3,evcimen
1,1,1,1,1,2,1,2,2,2,1,1,2,1,1,2,1,2,1,1,1,2,evcimen
1,1,1,2,2,1,1,1,3,1,3,2,1,1,3,2,1,1,2,1,2,3,evcimen
1,2,1,1,2,2,1,1,1,2,1,2,1,1,2,1,2,1,2,1,1,3,evcimen
3,1,1,1,1,1,2,2,2,1,1,1,2,2,2,1,1,1,1,2,1,3,evcimen
2,1,1,3,1,1,1,2,1,1,2,2,2,3,3,1,1,2,1,2,1,3,evcimen
3,2,1,3,2,1,2,2,1,2,3,1,2,2,3,2,1,2,1,2,1,3,evcimen
1,2,1,2,2,2,1,1,1,1,1,1,2,2,3,1,1,1,2,2,3,3,evcimen
2,1,1,3,2,2,1,2,2,2,3,2,1,2,3,1,1,2,1,1,3,3,evcimen
2,1,1,1,2,2,1,1,2,2,3,1,1,1,2,2,1,1,1,1,1,3,evcimen
2,1,1,1,1,1,1,1,2,2,2,1,2,3,1,1,1,2,2,1,3,3,evcimen
3,1,1,3,1,1,1,1,1,1,3,1,1,1,3,1,1,1,2,1,1,3,evcimen
1,1,1,1,2,2,1,1,2,2,3,2,2,2,3,1,1,1,2,1,3,2,evcimen
1,2,2,1,1,1,1,1,3,2,1,1,1,3,3,1,1,1,1,2,1,3,evcimen
3,2,1,3,1,1,1,2,1,2,1,1,2,3,3,2,2,2,2,1,2,3,evcimen
1,1,2,3,1,2,1,1,3,2,3,2,2,3,2,2,2,1,1,1,1,3,evcimen
2,1,2,1,1,2,1,1,2,1,3,2,2,3,2,1,1,1,1,2,3,3,evcimen
3,1,1,2,1,1,2,1,3,1,1,1,1,3,2,1,2,1,1,2,1,3,evcimen
3,1,1,2,2,2,1,1,1,1,1,1,2,2,1,1,1,2,2,1,2,3,evcimen
2,1,1,1,1,2,2,1,1,2,3,1,2,3,2,1,1,2,2,1,1,3,evcimen
2,1,1,3,1,1,2,1,2,2,2,2,1,3,3,2,2,1,2,1,3,2,evcimen
3,2,1,2,1,1,1,1,1,1,1,2,1,1,3,2,1,2,1,1,3,3,evcimen
3,2,2,1,1,2,1,1,2,1,3,1,1,3,3,2,1,2,2,1,3,2,evcimen
2,1,1,1,1,2,2,1,3,2,3,1,1,1,2,1,2,1,2,1,3,3,evcimen
2,1,1,1,1,1,2,2,2,1,3,2,1,1,2,2,2,2,1,1,1,2,evcimen
3,2,1,2,1,2,1,2,2,1,2,1,1,3,2,1,1,1,1,2,2,3,evcimen
2,1,2,2,1,1,1,2,3,2,3,2,2,3,1,1,1,1,1,1,2,2,evcimen
3,2,1,2,2,1,1,1,1,1,3,1,1,2,3,2,1,2,1,1,2,2,evcimen
3,1,1,2,2,1,1,1,3,1,3,1,1,1,1,2,1,2,1,1,2,3,evcimen
3,1,1,1,1,2,2,1,3,1,2,2,1,2,2,1,1,1,2,1,2,3,evcimen
2,1,1,1,1,2,1,1,3,2,2,1,1,2,1,2,1,1,1,2,3,3,evcimen
2,1,1,2,2,1,1,1,1,1,3,1,1,2,2,2,2,1,1,1,1,3,evcimen
1,1,1,3,2,1,1,1,2,1,2,1,1,1,3,2,1,2,1,1,3,2,evcimen
2,1,1,3,1,2,2,1,3,1,1,2,1,1,2,1,1,2,1,1,3,3,evcimen
2,1,1,2,1,1,2,1,1,1,3,2,2,3,2,1,1,2,1,1,1,3,evcimen
3,2,1,1,1,1,2,1,1,2,1,1,1,1,1,1,2,2,2,2,2,3,evcimen
3,1,1,1,1,1,1,2,2,1,1,1,2,1,1,2,1,1,1,1,3,3,evcimen
2,1,2,3,1,1,1,2,2,1,1,2,1,3,3,2,1,1,1,2,2,3,evcimen
3,2,1,2,2,2,2,2,1,2,1,1,1,1,1,1,1,1,1,2,3,2,evcimen
2,1,1,1,2,1,1,1,2,1,1,1,1,2,1,1,2,2,1,1,3,3,evcimen
3,2,2,3,1,1,1,1,1,1,3,1,1,2,3,1,1,1,1,1,3,3,evcimen
3,2,1,3,2,2,2,1,2,2,1,1,1,3,3,1,1,1,1,1,2,3,evcimen
3,1,1,2,1,1,1,1,2,2,2,1,1,3,1,2,1,1,1,1,1,2,evcimen
2,2,1,2,1,2,1,1,2,1,2,2,1,2,3,2,2,1,1,2,3,2,evcimen
3,1,1,3,2,2,1,1,3,1,2,1,1,3,3,2,2,1,1,1,2,3,evcimen
2,1,1,1,1,2,1,1,1,1,2,1,1,2,2,1,2,2,1,1,3,3,evcimen
2,1,1,3,1,2,2,1,2,2,1,2,2,3,2,1,1,1,2,1,3,2,evcimen
2,1,2,1,1,1,1,1,2,1,2,1,1,3,1,1,1,1,1,1,3,2,evcimen
1,2,2,3,2,1,2,1,3,1,3,1,1,1,3,1,2,1,1,1,2,3,evcimen
2,1,2,2,2,1,1,2,1,1,3,1,1,2,3,2,1,2,1,1,3,3,evcimen
2,1,2,1,1,2,2,2,2,1,3,1,2,3,3,1,1,1,1,2,1,3,evcimen
1,1,1,2,1,2,1,2,2,1,3,1,1,3,2,1,2,1,1,1,2,3,evcimen
2,1,1,3,1,1,1,1,2,2,2,1,1,3,2,2,1,1,1,1,1,3,evcimen
2,1,2,1,1,1,2,1,1,1,2,1,1,1,2,2,1,1,1,1,3,3,evcimen
2,1,1,2,1,1,1,1,2,2,3,1,1,2,2,1,2,1,1,2,3,2,evcimen
2,1,1,3,1,1,2,2,1,1,3,1,1,3,1,2,1,1,1,1,3,3,evcimen
1,1,1,2,1,1,1,1,1,2,1,1,1,2,2,1,2,2,1,1,3,3,evcimen
3,2,1,1,2,2,1,2,1,1,1,1,2,1,2,1,1,2,2,2,3,3,evcimen
1,1,1,3,1,2,1,2,2,1,3,1,1,3,2,1,1,1,1,1,2,2,evcimen
2,1,1,2,1,2,1,1,2,1,3,2,1,3,1,2,2,1,2,1,2,3,evcimen
3,1,1,1,2,2,2,1,3,1,2,2,1,2,3,1,1,1,1,1,3,3,evcimen
2,1,2,1,1,1,2,1,1,1,2,1,2,3,1,2,2,1,1,1,2,3,evcimen
2,1,1,3,2,2,1,2,3,1,1,2,1,2,2,2,1,1,2,1,1,3,evcimen
1,1,1,2,1,2,1,2,1,1,2,1,1,2,2,1,2,1,1,2,2,2,evcimen
2,1,2,1,2,1,1,1,2,1,1,2,2,1,3,1,1,1,1,1,3,2,evcimen
3,2,1,2,2,1,2,1,2,1,3,2,1,2,2,1,2,1,1,1,1,2,evcimen
3,2,1,3,1,1,2,2,3,1,2,1,1,1,3,1,1,1,1,1,2,3,evcimen
2,2,1,2,1,1,2,2,2,1,3,1,1,3,3,1,2,1,2,1,3,2,evcimen
1,2,2,1,1,1,1,1,3,1,2,1,1,2,3,2,2,1,2,2,3,3,evcimen
3,1,1,3,2,2,1,1,2,1,1,2,1,2,3,1,1,1,2,1,2,3,evcimen
3,1,1,3,2,1,2,1,3,1,2,1,1,1,2,2,1,2,1,1,1,2,evcimen
1,1,1,1,2,1,1,2,1,2,1,1,1,3,1,1,2,1,1,1,3,3,evcimen
1,1,1,2,1,1,1,1,2,1,1,1,1,3,3,1,1,1,2,1,1,3,evcimen
1,1,2,3,1,2,1,2,1,1,2,1,2,2,1,2,2,1,1,2,1,3,evcimen
1,2,1,3,1,2,1,2,3,1,1,1,1,1,2,2,1,1,1,1,1,3,evcimen
1,1,1,2,2,1,1,1,3,2,2,1,1,1,3,2,1,1,1,1,3,3,evcimen
2,2,1,1,1,2,2,2,3,2,2,1,1,2,3,2,1,1,2,1,1,3,evcimen
2,2,2,3,1,1,1,2,1,1,2,1,1,3,3,1,2,2,1,1,1,2,evcimen
3,1,1,1,1,1,1,1,2,2,1,2,2,2,1,1,1,1,1,1,2,3,evcimen
1,1,1,1,2,1,1,1,3,2,1,2,1,3,1,1,1,2,1,2,2,3,evcimen
2,1,1,3,2,2,1,1,3,2,3,2,2,3,1,1,1,1,1,1,2,3,evcimen
2,1,1,2,1,2,2,1,2,2,3,2,1,3,1,1,2,1,1,1,3,2,evcimen
1,1,1,1,1,2,1,1,2,1,1,1,1,3,1,2,1,1,1,1,1,3,evcimen
1,1,2,2,1,1,2,1,1,1,2,1,1,1,2,1,1,1,2,2,3,3,evcimen
3,1,2,2,1,1,1,1,2,1,3,1,1,3,2,2,2,2,1,1,3,2,evcimen
2,2,2,1,2,1,1,2,1,2,3,1,1,2,3,1,2,1,1,2,2,3,evcimen
3,2,2,1,2,1,2,1,2,1,1,1,2,2,1,1,1,1,2,2,2,2,evcimen
1,1,1,3,1,2,1,1,1,1,2,1,1,2,1,2,2,2,1,1,3,3,evcimen
1,2,2,3,1,1,2,1,1,1,1,1,1,3,2,1,1,1,1,2,1,2,evcimen
3,1,1,3,1,1,2,2,1,2,3,2,1,2,3,1,1,2,1,1,2,3,evcimen
1,1,1,3,2,1,2,1,2,1,2,1,2,3,1,2,2,2,2,1,2,3,evcimen
1,2,1,2,1,1,1,1,1,1,2,1,2,3,2,1,1,1,1,2,1,3,evcimen
2,1,1,3,2,1,1,1,1,1,3,1,2,2,1,2,1,1,1,1,3,2,evcimen
1,1,1,1,1,1,1,1,3,1,3,1,1,1,1,1,2,2,1,2,2,3,evcimen
1,1,1,3,1,1,1,1,3,1,3,2,1,3,3,1,2,2,2,2,2,3,evcimen
1,2,1,3,1,1,1,1,1,1,2,2,2,2,1,1,1,1,2,1,3,2,evcimen
2,2,1,3,1,2,1,1,2,2,3,1,1,2,2,1,1,1,2,1,2,2,evcimen
3,3,2,1,1,2,3,2,1,1,1,1,1,1,3,2,2,1,2,1,1,3,sanatci_ruh
2,3,1,2,2,2,3,1,1,2,1,2,2,1,2,1,2,1,1,1,1,2,sanatci_ruh
3,3,1,2,3,1,2,1,1,2,1,1,2,1,1,2,1,1,1,2,2,2,sanatci_ruh
2,3,1,1,2,1,3,2,2,2,2,1,2,1,3,1,1,2,2,2,3,2,sanatci_ruh
3,2,2,2,1,1,3,2,2,2,1,2,1,2,1,2,1,2,2,1,2,2,sanatci_ruh
3,2,1,1,1,2,2,1,1,1,2,1,2,1,3,1,2,1,1,1,1,1,sanatci_ruh
2,2,2,1,3,1,3,1,1,1,2,1,1,2,3,1,2,2,1,2,2,2,sanatci_ruh
3,3,1,2,1,1,3,1,2,1,2,1,1,2,2,1,2,2,1,2,3,2,sanatci_ruh
3,2,2,2,2,2,3,1,2,1,2,1,2,1,1,1,1,2,1,1,2,2,sanatci_ruh
2,3,2,1,1,1,3,1,1,1,1,1,2,1,2,1,1,1,1,2,3,2,sanatci_ruh
3,2,1,1,3,3,2,2,1,1,1,1,1,1,3,2,1,1,2,1,1,2,sanatci_ruh
3,2,1,2,1,3,2,1,1,1,1,1,1,2,1,1,1,2,2,2,2,1,sanatci_ruh
3,3,1,1,1,1,2,1,1,1,2,1,2,1,2,1,2,1,2,1,3,3,sanatci_ruh
3,2,1,1,1,3,3,2,1,1,1,1,1,1,3,2,1,1,1,1,2,2,sanatci_ruh
3,3,1,1,1,2,3,2,2,2,1,1,1,2,2,1,1,1,1,1,3,1,sanatci_ruh
2,3,1,2,1,2,3,1,1,1,2,1,1,2,2,2,1,2,1,1,1,1,sanatci_ruh
3,3,2,1,2,3,3,2,1,2,1,2,1,1,3,1,1,1,1,1,3,2,sanatci_ruh
3,3,1,2,3,2,2,1,1,1,1,1,2,2,1,2,1,1,1,1,2,2,sanatci_ruh
3,3,1,1,2,2,3,1,2,1,1,2,1,1,1,1,1,1,2,1,1,1,sanatci_ruh
2,3,1,1,3,3,3,1,2,1,1,1,1,1,2,1,1,1,2,2,1,1,sanatci_ruh
3,3,2,2,2,2,3,2,1,1,1,2,2,1,2,2,2,1,1,1,3,2,sanatci_ruh
3,3,2,2,1,3,3,2,2,1,1,1,1,1,2,1,1,1,1,1,1,2,sanatci_ruh
3,3,1,2,1,2,3,1,1,2,2,2,1,1,1,1,1,1,1,2,1,1,sanatci_ruh
3,3,2,2,3,1,2,1,1,2,1,1,1,1,1,1,1,1,1,1,2,2,sanatci_ruh
3,3,1,1,2,3,2,1,1,1,1,1,2,2,3,1,1,2,1,2,1,3,sanatci_ruh
3,2,1,1,1,2,3,1,2,2,2,2,2,1,3,1,1,1,1,1,1,2,sanatci_ruh
3,2,1,1,2,2,3,1,1,2,1,2,1,2,3,1,1,1,2,1,3,3,sanatci_ruh
3,2,1,1,3,3,2,2,2,2,1,2,2,1,2,1,1,1,1,2,2,1,sanatci_ruh
3,2,1,2,3,3,2,2,1,1,1,2,1,1,1,1,1,1,1,1,1,1,sanatci_ruh
3,2,2,1,2,3,3,2,1,1,2,2,2,2,3,1,2,2,1,1,3,2,sanatci_ruh
3,3,1,1,3,2,3,1,2,2,2,2,1,1,2,2,1,1,1,1,1,1,sanatci_ruh
2,2,2,1,1,2,3,1,1,2,1,1,2,2,2,1,1,1,1,2,1,3,sanatci_ruh
2,3,2,1,1,1,2,1,1,1,1,1,1,1,2,1,1,1,1,2,1,3,sanatci_ruh
3,3,1,1,3,1,2,1,1,2,2,1,2,2,1,1,1,2,1,1,1,2,sanatci_ruh
2,2,1,1,2,3,2,1,2,2,2,1,2,1,1,1,1,1,1,1,1,1,sanatci_ruh
3,3,2,1,2,2,3,1,1,1,1,1,1,2,2,2,1,2,1,2,1,3,sanatci_ruh
3,3,1,1,1,1,2,1,1,1,1,1,1,1,1,1,1,2,1,2,1,2,sanatci_ruh
3,2,2,1,2,2,3,1,1,1,1,1,1,2,1,1,1,2,1,1,2,2,sanatci_ruh
3,3,1,1,1,2,3,2,1,1,1,2,1,1,2,2,1,2,1,2,3,1,sanatci_ruh
3,3,1,1,1,3,3,1,1,2,1,1,1,2,2,2,1,2,1,1,2,2,sanatci_ruh
3,3,1,1,2,3,3,2,2,2,1,1,1,1,1,1,1,1,1,1,1,3,sanatci_ruh
3,3,1,1,2,3,3,1,1,1,1,1,1,1,2,1,1,2,2,1,3,3,sanatci_ruh
3,3,1,1,1,1,3,1,2,1,1,1,1,1,3,1,1,2,2,1,1,2,sanatci_ruh
2,2,1,1,1,2,2,1,2,1,2,1,2,2,2,2,1,2,1,1,1,2,sanatci_ruh
2,2,1,2,1,3,3,1,1,1,1,2,2,1,2,2,1,1,1,1,2,1,sanatci_ruh
3,3,1,1,2,3,2,1,1,2,1,1,1,2,3,1,1,1,1,2,2,1,sanatci_ruh
3,2,2,1,2,2,2,1,1,1,1,1,2,1,2,2,1,2,2,1,3,2,sanatci_ruh
2,3,1,1,2,3,2,1,2,1,2,2,1,2,1,1,1,1,2,1,2,1,sanatci_ruh
3,2,1,1,1,3,2,2,1,2,1,1,1,1,1,2,2,1,2,1,1,2,sanatci_ruh
3,3,1,2,1,2,3,2,1,1,1,2,1,2,3,2,2,2,1,1,1,2,sanatci_ruh
3,2,1,1,2,1,3,1,1,2,2,1,2,2,3,2,2,1,2,2,2,1,sanatci_ruh
3,3,1,2,2,1,3,1,1,1,1,1,2,1,1,2,2,1,2,2,3,2,sanatci_ruh
3,2,2,1,1,2,2,1,1,1,1,1,2,1,3,2,1,2,1,2,2,1,sanatci_ruh
3,3,1,1,2,3,3,2,1,1,1,2,1,1,3,2,1,1,2,2,2,1,sanatci_ruh
2,3,1,2,2,1,3,2,1,1,1,2,1,1,1,2,1,2,1,2,2,3,sanatci_ruh
3,2,2,1,3,2,3,1,1,1,2,1,2,2,1,1,1,2,1,1,2,2,sanatci_ruh
2,3,1,2,1,3,3,2,1,2,1,1,1,1,2,1,1,1,1,1,3,2,sanatci_ruh
3,3,1,1,2,2,3,2,1,1,1,1,1,2,1,1,1,1,1,1,3,3,sanatci_ruh
3,3,2,2,1,1,2,1,1,1,1,2,1,1,1,2,1,1,1,1,1,1,sanatci_ruh
2,3,2,2,2,2,2,1,2,2,2,2,1,1,2,2,1,1,2,1,2,3,sanatci_ruh
3,2,1,1,3,2,3,1,1,1,2,1,2,2,1,1,1,2,1,1,2,1,sanatci_ruh
3,3,1,1,1,1,3,1,1,1,2,2,1,2,3,1,1,2,2,2,2,1,sanatci_ruh
2,2,1,2,2,3,3,1,1,1,2,1,1,2,3,1,2,2,1,1,3,3,sanatci_ruh
3,3,2,1,3,3,3,1,2,1,1,2,1,1,1,1,1,1,1,1,3,2,sanatci_ruh
2,3,1,1,1,2,2,1,1,1,1,2,2,1,2,1,1,1,1,2,1,3,sanatci_ruh
3,2,2,1,1,3,2,2,1,2,2,2,1,2,3,1,2,2,1,1,2,3,sanatci_ruh
3,2,1,1,1,2,2,1,1,2,2,1,1,1,2,1,1,1,2,1,2,1,sanatci_ruh
2,3,1,1,3,2,3,1,1,1,1,1,1,1,1,1,1,1,1,2,1,3,sanatci_ruh
3,3,1,1,1,3,3,1,2,1,1,1,1,1,1,2,2,1,1,1,1,3,sanatci_ruh
2,3,1,2,2,1,3,1,1,1,1,2,1,1,2,1,2,2,2,1,3,3,sanatci_ruh
2,2,1,1,2,3,2,1,1,1,1,1,1,1,2,1,2,2,2,1,1,3,sanatci_ruh
3,3,1,1,3,3,3,2,1,1,2,1,1,1,1,2,2,2,1,1,2,2,sanatci_ruh
3,2,1,2,3,3,2,2,2,1,1,1,2,1,2,1,2,1,1,2,1,3,sanatci_ruh
3,2,2,1,3,3,2,1,1,1,1,1,1,1,1,2,2,1,2,1,1,2,sanatci_ruh
2,3,2,1,3,1,3,2,1,1,1,1,1,1,1,1,1,1,1,1,1,1,sanatci_ruh
2,3,1,1,3,2,3,1,1,1,2,1,1,1,3,2,1,1,2,2,2,2,sanatci_ruh
2,3,2,1,2,3,2,1,2,1,1,1,1,2,2,2,1,1,2,1,3,1,sanatci_ruh
2,3,2,1,2,1,3,1,2,1,1,1,2,1,3,2,1,1,2,1,2,1,sanatci_ruh
3,3,1,1,2,2,3,1,1,1,1,1,2,1,1,1,2,1,2,2,3,3,sanatci_ruh
3,3,1,1,2,3,3,1,1,1,1,1,1,2,2,1,1,1,2,1,1,2,sanatci_ruh
3,3,2,1,1,3,3,1,1,1,2,1,2,1,2,1,2,1,1,1,3,1,sanatci_ruh
3,3,1,1,1,2,2,1,1,1,1,1,2,1,3,1,1,2,1,1,3,3,sanatci_ruh
3,3,2,1,3,2,3,1,1,1,1,2,2,2,1,2,2,1,2,2,3,3,sanatci_ruh
2,3,1,1,2,1,3,1,1,2,2,1,1,1,3,2,1,1,1,1,2,2,sanatci_ruh
3,3,1,1,1,2,3,1,1,1,2,2,1,2,3,2,2,2,1,2,2,1,sanatci_ruh
3,3,1,1,1,3,3,1,1,1,2,2,1,1,1,2,2,2,1,1,2,1,sanatci_ruh
3,3,1,2,1,3,3,2,1,1,2,1,1,1,1,1,2,1,1,1,3,1,sanatci_ruh
3,3,1,1,1,1,2,1,1,2,2,1,1,1,3,1,1,2,2,2,3,3,sanatci_ruh
3,2,1,1,2,3,3,2,2,1,1,1,1,1,2,2,2,1,1,1,2,2,sanatci_ruh
3,3,2,2,2,2,3,1,2,1,1,1,1,1,2,1,1,2,1,2,2,1,sanatci_ruh
2,3,1,1,3,3,2,1,2,1,2,1,2,1,3,1,1,1,1,1,3,1,sanatci_ruh
3,2,1,1,1,2,3,1,1,1,1,1,1,1,2,2,1,1,2,2,3,3,sanatci_ruh
2,3,2,1,2,1,3,2,1,1,1,1,2,1,1,1,1,1,1,1,1,3,sanatci_ruh
2,3,1,1,3,3,2,1,1,2,1,1,2,1,3,2,1,2,1,1,1,3,sanatci_ruh
3,3,1,2,3,2,3,2,2,2,2,1,1,1,1,1,2,2,2,1,1,2,sanatci_ruh
3,3,1,1,2,2,2,2,1,1,1,1,1,1,1,1,1,1,1,2,2,1,sanatci_ruh
3,2,1,1,1,3,3,1,1,1,2,2,1,2,2,2,2,1,1,1,2,3,sanatci_ruh
2,3,1,2,1,3,3,2,2,1,2,1,2,1,1,1,1,1,1,1,3,2,sanatci_ruh
3,3,2,1,1,2,2,2,2,2,2,2,1,1,1,1,2,2,2,2,2,2,sanatci_ruh
3,3,2,2,3,3,3,2,2,1,1,1,1,2,1,1,2,2,1,1,1,1,sanatci_ruh
2,3,2,1,1,3,3,1,1,3,3,2,1,1,2,3,1,2,1,3,1,1,iskolik
3,2,3,3,1,3,3,3,2,1,2,3,2,1,2,2,2,2,2,3,1,1,iskolik
3,1,2,2,1,2,3,3,3,2,1,1,1,2,1,3,2,3,1,2,1,2,iskolik
1,1,2,3,2,3,2,3,1,3,3,1,3,2,1,2,3,1,1,2,2,1,iskolik
3,1,3,1,2,3,3,1,2,3,2,3,3,1,3,2,2,2,1,2,2,1,iskolik
3,1,1,1,2,3,3,1,1,2,1,1,1,1,2,3,2,3,1,2,2,1,iskolik
3,3,1,3,1,3,3,1,3,3,3,3,2,2,1,2,3,3,1,2,1,2,iskolik
2,2,2,3,1,2,3,3,2,1,2,1,1,2,3,1,2,1,2,1,3,1,iskolik
3,3,2,1,1,3,3,3,2,3,3,1,2,3,3,3,1,1,1,2,3,1,iskolik
3,2,1,1,1,3,2,2,1,1,3,3,1,2,3,1,1,3,1,2,3,1,iskolik
1,3,3,3,2,3,2,3,2,3,3,1,3,1,1,1,1,2,1,1,2,1,iskolik
3,1,2,2,1,3,2,1,1,2,3,1,2,1,2,2,2,2,2,2,1,2,iskolik
3,2,1,1,2,3,3,2,3,2,3,2,1,1,3,2,2,3,1,2,1,1,iskolik
2,1,2,1,1,2,2,3,3,2,2,1,3,1,2,3,3,3,1,1,1,2,iskolik
2,3,3,2,1,2,3,3,1,2,2,2,3,2,3,1,1,2,1,1,3,1,iskolik
2,3,3,2,1,3,3,2,1,1,3,3,1,1,2,1,3,1,1,2,1,1,iskolik
3,2,2,1,1,3,2,2,2,2,2,3,3,1,1,2,2,1,1,2,3,1,iskolik
3,3,2,3,2,2,3,3,1,3,1,1,1,3,2,3,2,2,2,3,1,1,iskolik
3,2,3,2,2,3,3,2,2,1,2,2,2,2,3,3,1,3,1,2,1,1,iskolik
2,1,1,1,1,3,2,1,3,3,2,3,1,1,1,2,3,1,2,1,1,1,iskolik
3,2,3,1,2,3,3,1,3,3,3,3,1,1,2,1,3,3,1,2,1,2,iskolik
3,3,1,2,2,3,3,1,1,3,2,1,2,1,2,1,1,1,1,2,3,2,iskolik
3,1,3,3,2,3,2,2,3,3,1,3,1,2,1,1,1,2,1,3,3,1,iskolik
2,1,1,1,1,3,3,1,1,1,2,2,3,2,2,3,1,3,1,3,2,1,iskolik
2,1,3,3,1,3,3,3,2,2,3,1,3,2,2,2,3,3,1,2,3,1,iskolik
1,1,1,1,1,2,3,3,1,1,3,3,3,3,3,2,3,2,2,3,1,2,iskolik
2,3,1,3,1,3,2,1,1,3,1,3,1,3,2,1,1,3,1,3,3,2,iskolik
1,1,2,2,1,3,3,1,2,1,3,2,1,2,2,1,1,1,1,2,1,1,iskolik
2,2,1,2,2,3,2,3,3,2,1,1,1,2,3,3,3,2,2,3,3,1,iskolik
2,2,2,2,2,2,3,3,2,2,2,1,3,2,2,2,3,3,2,2,1,1,iskolik
3,3,2,1,2,2,3,1,1,3,3,1,2,2,3,3,1,3,1,3,3,2,iskolik
3,2,2,3,1,2,3,1,3,1,1,1,2,1,2,2,2,1,1,1,3,2,iskolik
1,2,2,2,1,3,3,2,2,1,3,2,3,1,3,3,2,2,1,2,2,1,iskolik
3,2,2,2,1,3,2,1,3,1,3,2,3,1,3,3,3,2,1,3,2,1,iskolik
2,1,2,3,2,3,2,1,2,3,3,3,3,2,3,2,3,2,1,2,2,1,iskolik
2,3,1,3,2,3,3,2,1,2,2,3,2,2,2,3,3,3,2,2,1,2,iskolik
2,3,2,2,1,3,2,3,1,3,2,3,3,2,3,2,3,1,2,1,1,2,iskolik
3,3,1,2,1,3,2,3,3,1,1,3,2,2,1,3,2,2,1,2,2,2,iskolik
3,1,2,1,2,3,3,1,2,2,3,1,3,2,2,1,1,1,1,2,3,1,iskolik
2,3,2,3,2,3,2,1,2,1,2,1,1,3,3,3,2,3,1,1,2,2,iskolik
1,3,3,1,1,3,2,2,3,3,3,3,1,1,1,2,2,3,2,2,3,1,iskolik
2,3,1,3,1,2,3,1,1,1,3,2,3,2,1,1,1,2,2,2,3,2,iskolik
1,1,1,2,1,3,2,1,2,3,1,1,1,3,3,2,3,3,1,3,1,2,iskolik
1,2,1,2,2,3,3,1,1,2,2,2,1,1,2,3,2,2,2,3,1,1,iskolik
3,1,2,2,2,2,2,1,3,1,2,3,2,3,2,1,3,1,1,1,3,1,iskolik
2,3,3,1,1,3,3,1,1,1,3,2,2,3,2,1,2,2,1,2,3,2,iskolik
3,3,1,2,1,3,3,1,2,3,3,1,2,1,1,2,3,3,2,2,1,1,iskolik
3,2,3,3,2,3,3,2,3,3,2,2,3,1,1,2,3,1,2,3,3,1,iskolik
2,3,1,3,1,3,3,2,3,1,1,2,1,2,2,1,3,3,1,1,1,1,iskolik
3,2,1,3,2,3,2,3,1,1,2,1,1,3,1,1,2,2,1,2,1,1,iskolik
1,2,3,3,1,3,2,3,3,1,2,1,1,3,1,3,2,1,1,1,1,2,iskolik
3,2,3,2,1,3,3,2,2,1,3,1,1,1,3,2,2,2,1,2,3,1,iskolik
3,3,3,3,2,3,3,2,3,3,3,3,3,2,1,3,1,2,1,1,2,1,iskolik
3,3,1,3,1,3,3,2,2,3,3,2,2,1,1,1,2,2,2,2,2,1,iskolik
3,2,2,1,2,2,2,2,2,3,1,1,2,1,3,3,2,2,2,2,2,1,iskolik
1,3,2,3,2,3,3,3,2,2,3,3,3,3,2,3,2,2,1,3,2,1,iskolik
1,2,2,1,1,3,3,1,3,3,1,2,3,3,3,3,2,3,1,1,3,2,iskolik
1,2,2,2,2,3,3,2,3,2,1,1,1,3,1,2,1,1,1,1,3,1,iskolik
3,3,1,2,2,3,2,1,3,3,1,1,2,2,1,3,1,3,1,3,3,1,iskolik
1,2,2,3,2,3,2,2,2,3,1,3,1,2,1,3,3,2,1,2,1,2,iskolik
1,3,3,3,1,3,3,2,1,3,2,1,1,3,1,2,2,3,2,1,3,1,iskolik
2,3,3,2,1,3,2,3,3,1,1,1,2,1,1,3,2,2,1,1,1,1,iskolik
2,1,1,1,1,3,2,3,1,2,1,1,1,2,2,2,3,3,1,2,2,1,iskolik
2,3,1,1,1,3,3,3,1,3,1,1,2,2,3,1,2,1,2,2,1,1,iskolik
1,2,1,1,1,3,2,3,3,2,1,3,2,2,3,1,1,2,1,1,3,2,iskolik
2,2,3,2,1,3,2,2,3,2,2,2,2,3,1,1,1,2,2,3,2,2,iskolik
3,1,1,1,1,2,3,1,2,2,3,3,3,1,2,2,2,2,2,2,1,1,iskolik
1,1,2,1,1,2,3,1,3,2,2,2,2,1,1,3,1,3,1,1,1,1,iskolik
2,1,1,2,2,3,3,1,3,2,1,1,3,1,3,2,3,1,1,3,2,1,iskolik
2,2,2,1,1,3,3,3,1,2,3,2,3,1,1,3,1,1,1,2,2,1,iskolik
2,2,2,1,1,3,3,1,2,1,3,3,3,2,1,2,1,2,1,3,2,1,iskolik
1,3,3,3,1,2,3,1,3,1,3,1,2,3,1,2,1,3,1,3,3,1,iskolik
2,2,2,2,1,2,3,3,1,3,1,2,2,2,3,1,1,2,1,2,1,2,iskolik
2,1,3,2,1,2,3,3,3,2,3,1,3,1,2,1,1,2,1,1,1,1,iskolik
1,2,3,3,2,3,3,3,3,1,1,3,3,2,2,3,2,2,2,2,1,1,iskolik
1,1,2,2,1,2,2,2,3,2,1,3,3,3,2,2,2,3,1,2,3,1,iskolik
2,1,3,2,2,3,3,1,1,3,1,1,2,1,2,3,3,1,1,3,2,1,iskolik
3,2,2,3,1,3,3,1,2,3,1,2,1,3,3,3,1,3,2,2,3,1,iskolik
3,1,2,3,2,3,3,1,2,3,1,2,3,1,1,3,2,1,1,2,1,2,iskolik
3,3,2,3,1,3,3,1,1,2,3,3,3,1,1,2,2,3,1,2,2,1,iskolik
2,3,1,3,1,3,2,1,1,3,3,1,2,1,1,2,1,2,1,2,1,1,iskolik
2,3,3,2,1,3,2,3,1,3,2,2,1,3,1,1,2,2,1,3,3,1,iskolik
1,2,1,1,1,3,2,3,2,1,1,2,3,2,2,2,2,2,2,2,1,2,iskolik
3,3,1,3,2,2,3,3,3,1,2,3,1,3,2,3,2,2,1,3,1,1,iskolik
1,2,2,1,1,3,2,2,2,2,3,3,3,2,2,3,2,3,1,2,3,2,iskolik
2,1,3,3,1,3,2,1,1,1,2,1,3,3,1,2,2,2,2,1,2,1,iskolik
3,2,2,1,1,3,2,1,3,3,2,1,3,3,1,3,2,1,2,3,1,2,iskolik
1,2,1,2,1,2,3,2,1,2,1,1,3,3,2,2,1,1,1,1,2,1,iskolik
1,2,3,1,1,3,2,1,3,2,1,1,1,1,1,2,2,3,1,1,2,1,iskolik
3,3,3,2,2,3,3,1,1,3,3,1,1,2,2,3,2,1,1,3,2,1,iskolik
2,2,1,3,2,3,2,1,3,2,1,2,1,2,2,3,2,3,1,1,1,1,iskolik
1,3,1,2,1,3,3,1,3,1,3,3,3,3,3,3,3,3,2,1,3,1,iskolik
1,3,1,1,1,3,3,2,1,2,1,3,1,1,2,2,1,2,2,3,3,2,iskolik
1,2,1,1,1,3,3,2,3,2,2,2,3,2,2,3,2,3,2,3,3,1,iskolik
3,1,2,3,2,3,3,3,3,1,3,1,1,3,3,2,3,2,2,3,1,1,iskolik
2,1,3,3,1,2,3,2,1,3,2,1,3,1,3,3,1,2,2,3,3,1,iskolik
1,1,3,3,2,2,3,3,2,3,3,3,2,2,3,2,1,3,2,2,2,1,iskolik
3,2,1,2,1,3,3,1,2,3,2,3,2,2,1,2,2,2,1,3,3,2,iskolik
1,3,2,1,1,2,2,2,3,2,2,3,3,2,3,1,1,1,1,2,2,1,iskolik
3,3,2,3,1,3,2,1,1,1,1,2,2,3,1,2,2,2,1,3,1,1,iskolik
3,2,3,1,2,1,3,3,2,3,1,3,1,3,1,2,2,1,1,1,2,2,doga_asigi
1,2,1,3,1,3,3,2,1,3,2,3,2,3,1,1,1,1,2,2,1,1,doga_asigi
3,1,2,1,2,3,3,1,2,3,2,1,2,2,1,1,1,1,2,2,3,2,doga_asigi
3,1,2,2,1,1,3,1,2,1,1,2,2,1,2,2,1,1,1,2,3,1,doga_asigi
2,1,1,2,1,1,3,3,1,2,1,1,1,1,2,1,2,1,1,1,1,1,doga_asigi
3,1,2,1,1,2,2,1,1,2,3,1,1,1,1,1,2,2,1,1,3,2,doga_asigi
3,1,1,2,2,1,3,1,2,1,3,2,1,3,1,1,2,1,2,2,2,1,doga_asigi
2,1,1,1,2,3,3,3,1,1,3,1,1,1,2,2,1,1,1,1,2,1,doga_asigi
3,1,1,1,1,3,3,2,2,2,3,3,1,3,2,1,1,1,2,2,2,1,doga_asigi
2,1,2,3,1,2,3,1,2,1,3,1,2,3,1,1,1,1,1,1,3,1,doga_asigi
3,1,2,3,1,1,3,2,2,1,2,1,2,2,1,2,1,2,1,1,2,1,doga_asigi
1,2,3,1,1,1,3,3,1,3,1,1,3,1,1,2,1,2,1,2,1,1,doga_asigi
3,1,2,1,1,1,2,1,2,2,2,1,2,1,1,2,1,1,1,1,1,1,doga_asigi
2,2,2,3,1,2,2,2,1,3,2,1,1,1,1,1,1,2,1,1,3,1,doga_asigi
2,1,2,3,1,3,3,3,1,3,3,2,3,1,2,2,1,1,1,2,2,2,doga_asigi
2,2,1,2,1,3,3,3,2,2,2,2,2,1,2,1,1,1,2,1,1,2,doga_asigi
2,1,2,1,2,3,3,1,2,2,1,3,3,3,2,1,1,2,1,2,1,1,doga_asigi
2,1,2,2,1,1,3,2,2,2,1,1,2,3,1,2,2,1,2,1,1,2,doga_asigi
2,1,3,1,2,3,3,1,2,2,2,3,2,2,2,1,1,1,1,1,1,2,doga_asigi
1,1,1,2,1,1,3,3,1,1,2,2,2,1,1,1,1,1,1,2,1,2,doga_asigi
3,1,2,2,1,1,3,3,1,3,2,2,1,2,1,1,1,1,1,1,3,1,doga_asigi
2,1,2,1,1,3,3,3,1,1,1,2,3,3,1,1,2,1,1,1,2,1,doga_asigi
2,1,2,2,1,2,2,2,1,1,3,1,2,2,1,1,2,1,1,1,1,1,doga_asigi
1,2,3,3,1,3,2,1,1,1,1,3,3,3,1,2,2,1,1,2,1,1,doga_asigi
1,1,1,2,2,3,2,1,1,2,1,2,2,2,1,1,1,2,2,1,3,1,doga_asigi
2,1,1,2,1,3,3,1,1,3,3,3,1,3,2,1,1,2,2,1,1,1,doga_asigi
1,1,2,3,1,3,3,3,2,3,3,3,3,1,2,1,2,1,1,2,3,2,doga_asigi
2,2,1,2,1,2,2,1,1,3,1,1,2,3,2,1,1,1,2,1,1,1,doga_asigi
3,2,2,1,1,2,3,3,2,3,2,2,2,1,1,1,1,1,2,2,2,2,doga_asigi
2,1,3,3,1,1,3,1,1,2,1,2,2,2,1,2,1,2,1,1,2,1,doga_asigi
3,2,1,3,2,1,2,1,2,3,2,3,3,2,2,1,2,2,1,2,3,1,doga_asigi
3,2,1,3,2,2,2,1,2,1,1,3,3,1,1,1,1,1,2,1,1,1,doga_asigi
2,2,1,1,1,2,2,1,1,2,3,2,2,2,1,1,1,2,1,1,2,1,doga_asigi
3,1,2,3,1,3,3,3,2,2,1,2,1,1,2,1,1,1,1,1,2,1,doga_asigi
1,1,2,1,1,2,3,1,1,2,1,3,1,2,2,2,1,1,1,2,2,1,doga_asigi
3,2,1,1,2,2,3,3,1,3,1,1,1,2,2,1,2,1,1,1,3,1,doga_asigi
2,1,3,1,1,2,3,2,2,3,1,1,1,3,1,1,2,1,1,2,3,1,doga_asigi
3,2,2,3,1,2,3,3,1,2,2,2,3,3,1,1,1,1,1,1,3,2,doga_asigi
2,1,1,3,1,1,2,3,2,1,3,2,3,3,2,1,2,1,1,1,3,2,doga_asigi
2,2,1,2,2,2,2,1,1,2,2,3,2,2,2,2,1,1,2,2,1,1,doga_asigi
1,2,1,1,1,2,2,3,1,2,2,1,3,1,2,1,1,1,1,2,3,2,doga_asigi
2,1,1,3,2,1,3,1,1,3,1,2,2,1,1,1,2,1,1,1,3,1,doga_asigi
3,1,1,1,2,2,3,3,2,3,3,1,3,3,1,2,2,2,2,1,3,2,doga_asigi
2,1,3,1,2,1,2,1,1,2,2,3,3,3,1,1,1,2,1,1,3,1,doga_asigi
1,2,3,2,1,2,3,2,1,1,3,3,1,1,2,1,1,1,2,2,3,1,doga_asigi
1,2,3,1,2,1,3,1,1,3,2,1,2,1,2,2,2,1,2,1,3,1,doga_asigi
1,1,2,1,1,3,3,1,2,2,1,3,2,1,2,1,1,1,1,1,2,1,doga_asigi
2,2,2,1,1,2,3,1,2,1,2,1,3,3,1,1,1,1,1,1,1,2,doga_asigi
3,1,3,3,1,1,3,3,1,2,1,2,3,3,2,1,2,1,1,1,1,1,doga_asigi
3,2,3,2,1,2,2,3,1,1,1,1,3,2,2,1,2,1,1,1,1,1,doga_asigi
3,1,1,3,1,1,2,3,1,1,2,1,1,2,1,1,1,1,1,1,2,2,doga_asigi
1,1,3,2,1,1,2,1,2,3,3,3,2,1,1,1,2,1,1,1,2,1,doga_asigi
2,1,3,3,1,2,3,3,1,3,3,1,3,3,1,1,1,2,1,1,3,1,doga_asigi
3,1,2,2,2,3,3,3,1,1,2,3,2,3,1,1,2,2,1,1,2,2,doga_asigi
3,2,3,2,1,1,3,1,1,3,3,3,2,1,1,1,2,1,1,2,1,1,doga_asigi
1,1,3,2,1,3,3,2,1,2,1,1,1,2,1,2,1,1,1,1,2,1,doga_asigi
2,1,3,1,2,2,2,3,1,1,1,1,1,3,2,1,2,2,1,1,2,1,doga_asigi
2,2,1,1,1,3,3,1,1,2,3,1,3,2,1,2,2,1,1,2,1,1,doga_asigi
1,1,1,3,2,3,2,3,2,3,2,2,1,1,1,2,2,1,2,1,3,1,doga_asigi
2,1,2,2,2,2,3,1,1,2,1,2,2,1,1,1,2,1,1,1,1,1,doga_asigi
3,1,2,3,2,1,3,2,1,3,3,3,3,3,1,1,1,1,2,1,2,2,doga_asigi
1,1,2,1,2,1,3,3,1,3,1,3,3,2,2,1,1,1,1,1,2,1,doga_asigi
3,1,2,2,1,1,2,3,1,3,1,1,2,2,1,1,1,1,1,1,3,1,doga_asigi
2,1,3,1,1,1,3,3,2,3,3,1,3,1,1,1,2,1,1,1,1,2,doga_asigi
3,1,2,3,1,3,3,2,1,3,2,3,2,3,2,1,1,2,2,1,2,1,doga_asigi
1,2,1,2,1,3,3,2,1,2,1,1,2,1,2,2,1,1,1,1,3,1,doga_asigi
2,1,2,3,1,2,3,1,2,1,3,2,2,2,1,1,2,2,1,1,3,1,doga_asigi
2,1,2,1,1,2,2,2,1,2,3,3,2,3,1,1,1,1,1,1,1,1,doga_asigi
2,1,2,3,1,2,3,1,1,1,1,1,3,2,2,1,1,1,2,2,2,1,doga_asigi
2,2,1,2,1,2,3,2,1,3,2,3,1,2,1,1,1,1,1,2,2,1,doga_asigi
1,1,2,1,1,1,2,2,1,3,3,3,3,2,1,1,1,1,1,1,2,1,doga_asigi
2,1,2,3,1,2,2,1,2,2,2,1,2,3,1,2,2,1,2,2,2,1,doga_asigi
1,2,2,1,2,3,3,1,2,2,2,2,1,2,2,1,1,2,2,1,2,1,doga_asigi
1,1,2,1,1,2,3,3,2,3,1,3,2,2,1,1,1,1,1,1,3,2,doga_asigi
3,1,2,2,1,3,3,2,1,1,3,3,1,1,2,1,1,2,2,1,3,1,doga_asigi
3,2,3,2,2,3,3,1,2,2,3,1,2,2,1,1,1,1,2,1,2,2,doga_asigi
1,2,1,3,1,1,3,1,2,3,1,1,3,1,2,2,1,1,1,2,3,1,doga_asigi
2,2,2,2,1,1,2,2,1,1,2,2,2,2,2,1,1,2,1,1,1,1,doga_asigi
1,1,3,3,1,1,3,3,2,3,1,2,3,3,1,2,1,1,1,1,3,1,doga_asigi
3,1,2,1,1,3,2,1,1,3,2,2,3,3,1,1,1,2,1,2,1,1,doga_asigi
1,1,1,1,1,1,3,3,1,3,1,2,2,3,1,2,1,1,1,1,2,1,doga_asigi
3,1,1,1,1,1,3,1,1,3,2,1,2,2,2,1,2,1,1,1,2,1,doga_asigi
1,1,1,3,2,1,2,3,2,3,3,1,3,2,2,1,1,1,1,1,1,2,doga_asigi
2,1,1,3,1,3,2,2,1,2,1,3,3,3,2,1,2,2,1,1,2,1,doga_asigi
1,2,3,2,1,3,3,2,1,1,1,3,2,2,2,1,1,2,1,1,3,1,doga_asigi
2,1,2,2,1,3,3,1,2,2,3,1,2,2,2,1,1,2,2,1,3,2,doga_asigi
2,1,1,1,1,1,3,3,1,2,3,2,2,1,1,1,1,1,1,2,1,2,doga_asigi
2,1,3,2,1,3,3,3,1,2,1,3,1,3,2,2,1,1,2,2,1,2,doga_asigi
2,1,3,3,1,3,3,2,1,3,2,1,2,2,1,1,1,2,1,2,3,1,doga_asigi
3,1,2,1,1,3,2,2,2,1,2,3,1,3,2,1,2,2,1,1,1,2,doga_asigi
2,2,2,2,2,3,3,3,1,1,2,2,3,1,1,1,2,1,1,1,1,1,doga_asigi
3,1,2,1,2,3,3,1,1,1,2,3,3,2,1,1,1,1,1,2,1,1,doga_asigi
2,1,3,2,2,2,3,3,1,2,3,3,3,1,1,1,1,1,1,1,2,1,doga_asigi
2,1,2,1,2,3,2,2,1,1,1,1,3,3,1,1,1,1,1,1,2,1,doga_asigi
1,1,1,2,2,2,2,2,1,3,1,2,2,3,1,1,1,2,1,1,1,1,doga_asigi
3,2,2,2,1,3,2,1,1,1,2,2,3,1,1,2,1,1,1,1,2,1,doga_asigi
2,1,2,3,2,3,3,1,2,1,3,2,2,1,1,2,1,1,2,1,2,2,doga_asigi
1,1,1,2,1,2,3,2,1,2,3,2,1,1,1,1,2,1,1,2,1,2,doga_asigi
3,1,1,3,1,1,3,1,1,1,2,2,1,3,2,1,2,1,2,1,1,2,doga_asigi
1,2,2,2,1,3,3,2,1,1,1,1,1,3,1,1,1,1,1,1,2,2,doga_asigi
2,1,2,1,1,3,3,3,3,2,2,2,2,1,2,3,1,2,1,2,3,3,minimalist
2,2,2,2,2,3,2,3,2,3,3,3,1,3,1,3,1,1,1,2,3,3,minimalist
2,1,2,3,1,3,2,2,2,3,2,1,3,3,2,3,2,3,1,2,1,2,minimalist
1,1,3,2,1,3,3,3,2,2,2,2,2,1,2,3,1,2,1,2,3,1,minimalist
1,2,3,2,1,2,3,3,3,3,1,1,2,2,1,1,1,2,1,1,1,3,minimalist
1,1,1,3,1,3,3,3,3,2,1,2,1,3,1,3,2,2,1,1,3,3,minimalist
3,1,1,2,1,3,3,2,3,2,2,2,2,3,1,1,2,1,1,3,2,2,minimalist
1,1,3,2,1,3,3,2,2,3,3,2,1,2,1,2,2,1,1,2,2,3,minimalist
1,1,1,2,2,2,3,3,3,2,1,2,3,2,1,3,1,1,2,2,1,3,minimalist
1,2,1,2,2,2,3,2,2,2,2,2,3,1,1,1,2,1,2,1,3,1,minimalist
2,1,2,3,2,3,3,2,2,2,2,1,1,3,1,2,1,2,2,1,1,1,minimalist
2,2,2,1,2,3,3,2,1,1,1,1,3,1,2,3,2,1,2,3,2,1,minimalist
3,1,3,3,1,3,3,2,1,1,1,3,1,3,1,2,2,3,1,2,1,3,minimalist
2,2,2,2,1,3,2,3,1,2,1,1,3,3,1,1,2,1,1,1,3,2,minimalist
3,2,3,1,2,3,3,2,1,1,2,2,3,1,2,2,2,1,1,3,2,2,minimalist
2,1,2,3,2,3,3,3,3,3,3,2,2,3,1,1,2,1,1,2,1,2,minimalist
2,1,2,3,2,3,2,2,3,1,1,3,2,2,2,2,3,2,1,3,1,1,minimalist
1,1,1,1,2,3,3,2,3,3,1,3,2,1,1,1,2,3,1,3,3,1,minimalist
1,1,3,2,2,2,3,3,3,2,2,2,2,3,1,1,1,2,2,1,1,2,minimalist
1,2,2,3,1,3,3,3,2,1,1,3,2,1,2,3,3,2,1,2,1,2,minimalist
2,1,1,1,2,3,2,3,3,3,1,1,1,2,2,1,3,3,1,1,3,3,minimalist
1,2,3,2,1,3,2,2,3,3,2,3,3,3,2,3,1,3,2,1,2,1,minimalist
3,1,3,1,1,3,3,2,1,3,2,2,3,3,1,2,1,3,1,3,3,2,minimalist
2,2,3,2,2,2,3,3,3,2,2,1,2,3,1,3,3,1,2,1,2,3,minimalist
3,1,2,1,2,3,2,3,1,1,3,2,3,3,2,3,1,3,1,1,3,2,minimalist
1,1,3,3,2,3,3,3,3,1,3,3,1,3,2,3,2,2,1,3,2,2,minimalist
2,1,3,3,1,2,2,3,2,3,1,2,2,2,1,3,1,1,2,3,2,1,minimalist
1,1,3,3,2,3,2,3,3,3,2,2,1,2,1,2,2,2,2,1,3,3,minimalist
3,1,3,1,2,3,3,2,1,3,3,2,1,1,1,2,2,3,2,3,2,3,minimalist
1,1,3,2,1,3,2,3,3,2,2,2,1,2,1,3,2,1,1,3,2,2,minimalist
1,1,1,2,1,3,3,2,3,3,3,1,3,2,2,3,3,1,1,1,3,2,minimalist
3,1,3,3,1,2,3,2,1,1,1,2,1,2,1,3,1,2,2,3,1,3,minimalist
3,2,1,2,1,3,2,3,1,1,1,1,1,2,1,1,3,3,1,3,3,3,minimalist
1,1,2,3,1,2,2,2,1,3,2,2,2,3,1,2,3,1,2,1,1,1,minimalist
2,1,3,1,1,2,3,3,3,1,2,3,2,3,1,2,1,2,1,2,2,1,minimalist
1,1,3,2,1,2,3,3,1,3,2,3,1,3,1,3,3,2,2,1,1,1,minimalist
1,1,1,1,2,2,3,3,1,2,2,1,3,2,2,3,1,1,2,2,1,2,minimalist
3,1,2,3,2,3,3,3,2,2,3,1,3,1,1,1,1,2,1,2,3,3,minimalist
1,1,2,1,2,3,2,3,1,1,1,3,3,3,1,2,1,3,1,1,3,1,minimalist
1,2,2,1,2,2,3,3,2,3,1,2,1,1,2,3,1,2,1,3,1,2,minimalist
3,2,3,1,2,2,3,2,2,2,3,2,1,3,2,2,2,1,1,3,3,3,minimalist
2,1,2,2,2,3,3,3,1,3,2,3,3,2,1,3,3,3,1,2,3,3,minimalist
3,1,3,2,1,3,3,3,2,1,3,2,3,3,1,3,1,1,1,2,2,1,minimalist
2,1,1,3,1,3,3,2,2,1,2,3,3,2,2,1,3,1,1,1,2,2,minimalist
3,1,1,2,1,2,3,2,1,1,1,1,2,2,1,2,1,3,1,3,2,2,minimalist
2,2,2,1,1,3,3,2,3,3,2,3,1,2,2,2,3,1,1,2,3,1,minimalist
2,1,1,1,1,2,3,2,1,1,2,1,3,1,2,2,1,3,1,2,3,2,minimalist
1,2,1,1,2,3,3,2,2,2,2,1,2,2,1,3,2,3,1,1,1,3,minimalist
1,1,2,1,2,3,3,3,2,3,3,2,2,2,1,2,3,3,2,3,3,3,minimalist
3,2,2,3,1,3,3,3,1,3,2,2,1,1,2,3,2,2,1,2,2,1,minimalist
3,1,2,1,1,3,3,2,2,3,1,2,3,2,1,3,1,1,1,3,2,1,minimalist
2,1,1,1,1,2,3,3,2,2,3,2,2,2,1,1,3,3,1,2,2,1,minimalist
3,1,2,3,2,3,2,2,1,2,2,1,1,2,1,2,3,3,2,1,3,1,minimalist
1,1,1,3,1,2,2,3,3,3,1,3,2,2,2,1,3,2,1,3,3,2,minimalist
3,2,2,3,2,3,3,2,3,2,3,1,1,2,1,1,2,2,1,1,1,1,minimalist
1,1,3,1,2,3,3,3,3,1,1,3,1,3,1,3,3,3,1,2,2,1,minimalist
3,1,1,1,1,2,3,3,3,1,3,3,3,3,2,3,2,1,1,3,1,3,minimalist
3,2,3,3,1,3,2,3,1,1,1,1,1,3,1,2,2,1,1,3,1,1,minimalist
1,2,1,3,1,2,2,3,2,2,1,1,2,1,1,1,3,1,1,2,2,2,minimalist
1,1,3,3,1,3,3,2,1,3,1,1,1,2,1,1,2,1,2,2,1,1,minimalist
3,2,2,3,2,3,3,2,3,3,1,2,3,3,1,1,3,3,1,3,3,3,minimalist
1,1,3,3,1,3,3,3,2,2,1,2,2,3,2,1,1,1,1,3,1,3,minimalist
2,2,1,1,2,3,2,3,3,2,2,2,1,3,2,2,1,3,1,1,1,3,minimalist
2,2,3,3,1,3,2,3,2,2,2,2,1,3,1,2,2,2,1,1,3,1,minimalist
1,2,2,2,2,2,2,2,2,2,3,3,3,3,1,2,2,1,1,3,2,1,minimalist
2,2,3,3,1,2,3,3,3,1,1,2,3,1,1,3,3,1,1,2,3,2,minimalist
2,2,2,1,1,3,2,3,3,2,2,3,2,3,1,1,3,2,1,3,2,3,minimalist
2,1,3,3,1,3,2,3,1,3,1,2,3,2,1,2,2,1,2,1,3,3,minimalist
1,1,3,1,1,2,3,3,3,1,1,1,1,3,2,2,1,2,1,3,2,3,minimalist
1,1,1,3,2,2,2,3,3,1,2,2,2,2,1,2,2,3,1,3,3,1,minimalist
2,1,3,1,2,2,3,3,1,3,2,1,1,3,2,2,1,2,2,2,3,1,minimalist
1,1,1,2,1,2,3,3,1,1,3,3,3,3,1,3,3,1,1,3,1,3,minimalist
1,2,3,3,2,3,3,3,2,1,1,1,2,1,1,2,3,2,1,2,3,1,minimalist
3,1,3,1,1,3,3,3,1,2,2,2,3,3,1,3,2,1,2,2,3,3,minimalist
1,1,2,1,1,2,3,2,3,2,3,2,3,3,1,1,2,2,1,2,3,2,minimalist
1,2,3,3,1,3,3,2,2,3,1,3,2,1,1,3,2,1,2,2,2,3,minimalist
1,1,1,2,2,3,3,3,3,3,3,1,1,2,1,2,2,1,1,2,3,2,minimalist
1,1,2,1,1,3,2,3,3,2,1,3,3,1,1,2,3,3,1,2,3,2,minimalist
2,2,3,1,1,2,2,3,2,2,1,1,2,3,2,3,2,2,1,2,3,3,minimalist
3,2,2,3,1,2,3,2,1,2,1,1,3,1,2,3,3,1,2,3,2,3,minimalist
1,2,1,3,2,3,3,3,2,3,1,3,1,2,1,1,2,3,2,1,1,2,minimalist
3,1,2,3,1,3,3,2,1,2,3,3,1,3,2,1,3,1,1,2,3,3,minimalist
2,1,3,1,2,3,2,3,3,2,3,3,2,1,1,1,2,3,2,3,1,3,minimalist
2,1,3,1,1,3,2,3,2,3,3,2,1,1,1,2,1,3,2,3,2,2,minimalist
2,1,2,2,2,2,3,3,3,3,2,2,1,3,1,2,3,1,1,1,1,3,minimalist
2,1,1,2,2,2,3,3,2,3,3,2,2,2,1,2,1,1,2,2,3,1,minimalist
1,1,3,3,1,2,3,3,2,2,1,3,2,2,1,1,1,1,2,1,2,3,minimalist
2,2,1,1,1,3,3,3,3,1,2,3,3,1,1,2,2,1,1,2,3,2,minimalist
1,1,2,3,1,2,2,3,3,3,3,2,1,2,2,1,2,3,1,2,1,1,minimalist
2,1,3,2,2,3,3,2,1,2,1,1,2,3,1,1,3,2,2,2,1,1,minimalist
2,1,2,3,2,3,3,3,2,3,1,3,3,2,1,3,1,2,1,1,1,2,minimalist
1,1,3,2,1,2,3,3,2,2,1,1,2,1,1,3,3,2,2,3,1,3,minimalist
2,1,3,1,1,3,2,3,2,2,2,2,3,1,2,3,3,3,1,1,3,3,minimalist
2,2,3,3,1,2,3,2,1,1,3,2,1,3,2,2,1,2,1,2,1,3,minimalist
3,1,1,3,1,3,3,3,1,3,2,2,2,2,2,3,3,2,1,3,1,1,minimalist
1,2,3,2,1,3,3,2,1,3,1,3,2,1,1,1,2,1,1,3,1,1,minimalist
1,1,1,1,1,2,3,2,2,1,1,3,1,1,2,2,2,3,1,3,3,2,minimalist
1,1,1,2,2,3,3,3,1,2,1,1,2,3,1,3,1,3,1,3,3,1,minimalist
3,1,3,1,2,3,3,2,2,2,2,2,3,3,1,3,1,2,2,1,1,3,minimalist
1,1,2,2,1,3,2,2,2,2,2,2,1,1,1,3,2,2,1,1,1,1,minimalist
2,1,1,1,3,2,1,1,2,3,3,1,3,2,3,2,1,2,1,2,2,1,partici
2,3,1,1,2,2,3,1,2,2,3,1,3,3,3,2,1,3,2,3,1,2,partici
2,1,1,1,3,1,2,1,2,3,2,2,3,3,3,3,2,2,2,2,1,2,partici
1,2,1,2,3,1,2,1,3,3,3,2,2,2,3,3,3,2,1,3,1,1,partici
1,2,2,2,3,2,1,2,2,2,3,1,3,3,3,2,2,3,3,2,1,1,partici
1,3,2,1,3,1,2,1,3,3,3,1,3,3,3,2,2,3,3,3,1,2,partici
1,2,2,2,3,2,2,1,3,3,2,1,3,3,2,2,3,3,3,2,1,1,partici
1,2,1,1,2,1,2,2,3,3,3,2,3,3,3,3,1,3,1,3,2,1,partici
2,3,2,1,3,1,2,1,2,3,2,1,2,2,3,3,2,2,3,2,1,2,partici
1,2,1,1,3,2,3,1,2,3,3,2,3,3,2,3,3,3,3,2,1,1,partici
2,1,1,2,3,1,3,1,3,3,3,1,2,3,2,3,1,3,1,3,1,2,partici
2,1,1,1,3,1,3,2,3,3,2,1,2,2,2,3,3,3,2,2,2,1,partici
1,3,2,1,3,2,3,1,3,2,3,1,3,3,3,3,1,3,3,2,1,2,partici
1,3,1,1,3,1,1,1,3,3,3,1,3,3,2,3,3,3,3,3,1,1,partici
1,2,2,1,3,1,3,1,3,3,3,2,2,3,3,3,2,3,3,3,1,1,partici
1,2,2,1,3,1,1,1,2,3,3,2,3,3,3,3,1,3,1,3,2,1,partici
1,1,1,1,3,2,1,1,3,3,3,2,3,3,3,2,3,3,1,3,2,1,partici
1,3,1,1,3,1,3,1,2,3,3,1,3,2,3,2,3,3,1,2,2,2,partici
1,3,1,1,2,1,2,1,3,3,2,1,2,2,3,3,3,3,3,3,1,1,partici
1,3,1,1,3,2,2,1,2,3,3,2,3,3,3,3,1,3,3,2,1,1,partici
1,2,2,2,3,1,2,2,3,2,2,1,2,3,3,2,1,2,2,2,1,1,partici
1,3,1,2,3,2,1,1,3,3,3,2,2,3,2,3,2,3,1,3,1,1,partici
1,1,1,2,3,2,2,2,2,3,3,2,3,2,3,3,2,3,3,3,2,2,partici
2,3,1,1,3,1,3,2,2,2,2,1,2,3,3,3,3,2,1,2,1,1,partici
2,3,1,1,3,1,1,2,3,3,3,1,3,2,2,3,2,3,1,2,2,2,partici
1,3,1,1,2,1,2,1,2,3,3,1,3,3,3,2,2,3,1,3,2,1,partici
2,3,2,2,3,1,1,2,2,3,2,1,3,2,3,3,3,3,3,3,1,1,partici
1,2,1,1,2,1,2,1,3,3,3,1,3,2,2,2,1,3,2,2,2,2,partici
1,3,1,1,3,1,3,1,3,3,3,1,3,2,3,3,1,3,1,2,2,1,partici
1,3,2,1,3,1,1,1,3,2,2,1,3,2,3,3,3,3,1,2,1,1,partici
1,2,1,1,3,1,1,1,3,2,3,1,2,2,3,3,1,3,2,2,1,1,partici
1,2,1,1,3,1,2,2,3,2,2,1,3,3,3,3,3,2,1,3,1,1,partici
2,2,1,2,2,1,1,2,2,3,2,2,3,2,3,3,1,3,1,3,1,1,partici
2,2,1,1,2,2,2,1,2,2,3,1,3,3,3,3,3,2,3,3,1,2,partici
1,3,2,1,3,1,2,1,3,3,3,1,3,3,3,2,2,3,2,2,1,1,partici
1,2,1,1,2,1,2,1,3,2,3,1,3,3,3,2,3,3,1,2,2,1,partici
1,2,1,2,3,1,1,1,3,3,3,2,3,3,3,3,2,3,1,3,2,2,partici
1,1,2,2,2,2,3,1,3,3,3,1,3,3,2,3,2,2,3,3,1,1,partici
1,1,1,1,2,1,1,1,3,3,3,1,3,3,2,2,3,2,2,3,1,2,partici
1,1,2,2,3,1,1,2,2,3,3,2,2,3,3,3,2,3,3,3,1,2,partici
1,2,1,1,3,1,1,1,3,3,2,1,3,3,3,2,2,2,3,2,1,1,partici
1,3,1,1,3,2,1,2,3,3,3,1,2,3,2,2,3,3,1,3,1,1,partici
2,1,1,1,3,1,2,1,3,3,3,1,3,3,2,3,3,2,3,3,1,1,partici
2,3,1,1,3,2,3,2,3,3,3,1,2,2,2,3,2,2,2,2,2,2,partici
1,2,1,1,2,1,1,1,3,3,2,2,2,3,3,2,1,2,2,3,2,2,partici
1,1,1,2,3,2,2,1,2,2,2,1,2,2,2,2,3,3,3,2,1,2,partici
2,2,2,1,3,1,2,1,2,2,3,1,3,3,3,2,3,3,3,2,1,1,partici
2,2,1,2,3,1,1,1,2,2,3,2,3,3,3,2,2,3,2,3,2,1,partici
1,2,1,1,3,1,3,1,3,3,3,1,3,3,3,2,1,2,1,2,1,1,partici
1,3,2,2,2,1,2,1,3,3,2,1,3,3,3,2,2,2,1,3,2,2,partici
1,2,2,1,2,1,2,1,3,3,2,1,3,3,3,3,3,2,2,3,1,2,partici
1,2,2,2,2,2,1,1,2,3,3,1,3,3,3,2,2,3,1,3,2,1,partici
2,1,2,1,2,1,2,1,3,2,3,1,3,2,3,3,2,3,3,3,2,1,partici
2,3,1,1,3,2,1,2,3,3,3,2,2,3,3,3,2,2,2,3,1,2,partici
2,1,1,1,2,1,1,1,3,3,3,1,2,3,3,2,2,3,2,3,2,1,partici
1,3,1,1,2,1,2,2,3,3,3,2,3,3,3,2,2,3,2,2,2,1,partici
1,3,2,1,2,1,3,1,3,3,3,1,2,3,2,3,2,3,3,3,1,1,partici
1,1,1,2,2,1,2,1,3,3,3,1,3,3,3,3,3,3,1,3,1,2,partici
1,2,1,1,3,1,3,2,2,3,3,1,2,3,3,3,1,3,3,3,1,2,partici
1,1,2,1,3,1,3,2,3,3,2,1,2,3,3,3,3,2,3,3,2,1,partici
2,3,1,1,3,1,2,2,2,2,3,2,2,2,3,3,2,3,3,3,1,2,partici
1,1,1,1,3,1,2,1,3,3,3,1,3,3,3,3,1,3,3,3,2,1,partici
1,3,1,1,3,2,3,1,2,3,2,1,2,2,3,3,2,3,2,2,2,2,partici
2,3,2,2,2,2,3,2,3,3,3,1,3,2,3,2,2,3,3,3,1,2,partici
1,1,1,1,3,1,2,1,2,2,2,1,2,3,3,2,3,3,1,3,1,2,partici
2,2,1,2,3,1,3,2,3,3,3,2,3,3,2,3,3,3,3,3,1,2,partici
2,3,1,1,3,1,1,1,2,3,3,1,2,3,3,2,1,3,3,2,2,1,partici
2,1,1,2,2,1,2,1,3,3,3,1,3,2,3,3,1,3,2,3,1,2,partici
2,1,1,1,3,2,3,1,2,3,3,1,3,2,3,3,2,2,3,3,1,1,partici
1,2,1,2,2,1,2,2,3,3,3,2,3,3,3,3,2,3,3,3,2,1,partici
2,2,1,1,3,1,3,1,2,3,3,2,3,3,3,2,2,3,2,2,1,1,partici
2,2,1,1,2,1,3,1,3,2,3,2,3,2,3,3,3,3,3,3,1,1,partici
2,2,2,1,3,2,1,2,3,2,3,1,3,3,2,3,2,3,2,3,2,2,partici
1,2,1,2,3,1,2,1,2,2,3,1,3,2,3,3,1,3,3,3,1,2,partici
1,2,2,2,3,2,1,2,3,3,3,1,2,2,3,3,3,3,2,3,1,1,partici
1,1,1,1,3,1,3,1,3,2,3,1,2,3,2,3,2,3,1,3,1,1,partici
2,2,1,1,3,1,1,1,3,3,3,1,3,3,3,3,3,3,2,2,1,2,partici
1,1,1,1,3,2,1,1,3,3,3,1,3,2,2,3,3,3,2,3,2,2,partici
2,1,1,2,2,2,1,2,2,3,3,1,3,3,3,3,3,2,1,3,1,1,partici
1,3,1,1,2,1,3,1,2,2,3,1,3,3,3,3,3,3,3,2,1,1,partici
1,1,1,1,3,1,1,1,3,2,3,1,3,3,3,3,3,3,2,3,1,1,partici
1,2,1,2,2,1,2,1,2,3,2,1,3,3,3,3,2,3,3,2,1,1,partici
1,3,2,1,3,1,2,2,3,2,3,2,3,3,2,2,3,3,2,3,1,1,partici
1,3,1,2,3,2,3,1,3,3,2,1,3,3,2,3,1,3,1,3,1,1,partici
1,3,1,2,2,1,1,1,2,2,2,2,3,2,3,3,1,3,3,3,1,1,partici
1,1,1,2,2,2,3,1,3,2,3,1,3,2,2,2,3,3,3,3,1,1,partici
1,2,1,1,2,1,2,2,3,3,3,1,2,3,3,3,2,3,2,3,1,1,partici
2,1,1,2,2,2,3,1,3,3,3,1,3,2,3,2,2,2,2,3,1,2,partici
2,1,1,1,2,1,1,1,3,3,3,1,3,3,3,2,2,3,3,3,1,2,partici
1,1,1,2,2,1,2,1,3,3,3,2,2,2,3,3,3,3,2,3,1,1,partici
1,1,1,1,3,2,1,2,3,2,3,1,3,3,3,2,3,3,2,2,2,2,partici
2,2,1,2,3,2,3,2,2,3,3,2,2,2,2,3,3,2,3,3,1,1,partici
1,2,1,2,3,2,2,1,3,2,3,1,3,3,3,3,2,2,1,3,2,1,partici
1,1,2,2,3,1,2,1,3,2,2,2,3,2,3,3,2,2,2,2,2,2,partici
1,1,1,1,3,2,2,1,3,3,3,2,2,2,2,2,1,3,3,2,1,1,partici
2,1,1,1,3,2,2,1,2,3,3,1,3,2,2,3,2,3,1,2,1,1,partici
2,2,1,2,3,2,2,1,3,3,3,1,3,3,2,3,2,3,2,3,2,1,partici
2,1,1,1,3,2,3,1,3,3,2,1,2,2,3,3,3,2,2,2,2,1,partici
1,2,1,2,2,1,2,2,2,3,3,2,3,3,3,3,1,3,1,2,1,2,partici
2,1,1,1,2,2,1,2,3,3,2,1,3,2,3,3,3,3,1,3,1,2,partici
